id,image_path,marker,region
b6fc1e1ee94f15ab,images/b6fc1e1ee94f15ab.jpg,20x,IM
a9c46bbe8796c849,images/a9c46bbe8796c849.jpg,20x,IM
a4f81c00b3d4fbe6,images/a4f81c00b3d4fbe6.jpg,CD3,IM
3dd77ad8e3836e81,images/3dd77ad8e3836e81.jpg,CD8,IM
27ba05ae97249c09,images/27ba05ae97249c09.jpg,CD8,CT
a01f18922a7ce215,images/a01f18922a7ce215.jpg,CD3,IM
93fc4c2689a0a65f,images/93fc4c2689a0a65f.jpg,CD45RO,CT
1dfc65afe4f852c5,images/1dfc65afe4f852c5.jpg,PD1,IM
b139a3dbe1c471f5,images/b139a3dbe1c471f5.jpg,20x,CT
ae1009f49fea7821,images/ae1009f49fea7821.jpg,20x,IM
4dcd9474766461c8,images/4dcd9474766461c8.jpg,20x,CT
67ea0564b2f413bd,images/67ea0564b2f413bd.jpg,CD3,IM
0c05081b9a491b21,images/0c05081b9a491b21.jpg,CD8,CT
42079a4328fe1359,images/42079a4328fe1359.jpg,CD3,CT
c615bb7509f41874,images/c615bb7509f41874.jpg,CD3,N
26ac3966f4f75a8c,images/26ac3966f4f75a8c.jpg,20x,CT
c472b96c5741825e,images/c472b96c5741825e.jpg,PD1,CT
aa8bb651ef07b9ce,images/aa8bb651ef07b9ce.jpg,PD1,IM
15ad92deabf06e32,images/15ad92deabf06e32.jpg,T,IM
57d35926f87f298d,images/57d35926f87f298d.jpg,20x,CT
97aba260c1a01145,images/97aba260c1a01145.jpg,LAG3,IM
4a76c2041453822d,images/4a76c2041453822d.jpg,T,IM
fbc0bb8354715159,images/fbc0bb8354715159.jpg,T,IM
a162afd4524a0cda,images/a162afd4524a0cda.jpg,PD1,CT
2a860071482d6b5e,images/2a860071482d6b5e.jpg,T,IM
09fc4ce24cda39f4,images/09fc4ce24cda39f4.jpg,CD8,IM
7c49c7d883fcbfe0,images/7c49c7d883fcbfe0.jpg,T,IM
4a07b8dbd4dcade4,images/4a07b8dbd4dcade4.jpg,PD1,IM
eef4ea9d2f91804a,images/eef4ea9d2f91804a.jpg,CD8,CT
5f2ead3889698099,images/5f2ead3889698099.jpg,PD1,IM
13e278134cf05c31,images/13e278134cf05c31.jpg,CD45RO,IM
c053a936e665963a,images/c053a936e665963a.jpg,CD45RO,IM
86018260b543ce9f,images/86018260b543ce9f.jpg,T,IM
ae112e24a0baf1a7,images/ae112e24a0baf1a7.jpg,CD45RO,IM
98f892c2184c8c05,images/98f892c2184c8c05.jpg,CD8,CT
440d34468d423c21,images/440d34468d423c21.jpg,CD8,N
b1a083834c5f05da,images/b1a083834c5f05da.jpg,PD1,CT
a05800d18f3b1468,images/a05800d18f3b1468.jpg,20x,CT
c96068193dce7980,images/c96068193dce7980.jpg,CD45RO,CT
ecbb61d5735ef348,images/ecbb61d5735ef348.jpg,LAG3,CT
accb411ea7a924bc,images/accb411ea7a924bc.jpg,T,IM
a9aef2726f6c5851,images/a9aef2726f6c5851.jpg,CD3,N
0ab08629e589ed25,images/0ab08629e589ed25.jpg,CD3,CT
23e9d662fd909033,images/23e9d662fd909033.jpg,T,IM
57cf0138c275919c,images/57cf0138c275919c.jpg,HE,IM
3d7cdd22546e2b61,images/3d7cdd22546e2b61.jpg,LAG3,CT
b28b1462c556ef5a,images/b28b1462c556ef5a.jpg,CD45RO,N
deaba825bc9b5194,images/deaba825bc9b5194.jpg,LAG3,CT
d506eb23e541b991,images/d506eb23e541b991.jpg,T,IM
f3e0c62b74a4b13f,images/f3e0c62b74a4b13f.jpg,CD45RO,CT
8cbfb8922416b684,images/8cbfb8922416b684.jpg,CD45RO,IM
038e6a0b339f9107,images/038e6a0b339f9107.jpg,LAG3,CT
f1ba667a0abfd4c9,images/f1ba667a0abfd4c9.jpg,CD45RO,CT
39238cfd68720e32,images/39238cfd68720e32.jpg,CD45RO,IM
2bd32500f1b3995a,images/2bd32500f1b3995a.jpg,LAG3,CT
f89a8c4a5f985629,images/f89a8c4a5f985629.jpg,20x,CT
cf31d559c85b9118,images/cf31d559c85b9118.jpg,PD1,CT
8ea433a56dae1218,images/8ea433a56dae1218.jpg,T,IM
c39d52fb78d840aa,images/c39d52fb78d840aa.jpg,PD1,IM
16eef76624c1327b,images/16eef76624c1327b.jpg,CD3,IM
86685b5728bea931,images/86685b5728bea931.jpg,LAG3,CT
86b8efa43bdbd32c,images/86b8efa43bdbd32c.jpg,PD1,CT
03e56762455c0bf5,images/03e56762455c0bf5.jpg,LAG3,IM
a245cb66f7e930fc,images/a245cb66f7e930fc.jpg,T,IM
e1fe258ee9f80b80,images/e1fe258ee9f80b80.jpg,T,IM
53260db9288a4b5f,images/53260db9288a4b5f.jpg,CD8,CT
316780ec1de205a4,images/316780ec1de205a4.jpg,T,IM
4956712b924b631a,images/4956712b924b631a.jpg,CD8,IM
b557a94806910143,images/b557a94806910143.jpg,CD8,IM
c7cd4b8eeb792ce8,images/c7cd4b8eeb792ce8.jpg,PD1,CT
6c74e2bd7cc6d6cf,images/6c74e2bd7cc6d6cf.jpg,PD1,CT
526b22b4080687f8,images/526b22b4080687f8.jpg,PD1,CT
b00afae02d245c5f,images/b00afae02d245c5f.jpg,LAG3,IM
0b226f04e281452c,images/0b226f04e281452c.jpg,PD1,CT
fdbad1945c4ed1af,images/fdbad1945c4ed1af.jpg,CD3,CT
63ef3c43bd435a79,images/63ef3c43bd435a79.jpg,CD8,IM
113409517e106e64,images/113409517e106e64.jpg,CD45RO,IM
3d8b96d1a5a5ea99,images/3d8b96d1a5a5ea99.jpg,LAG3,IM
50c0cc1d996b19cf,images/50c0cc1d996b19cf.jpg,CD45RO,CT
ee9da33cf802b43f,images/ee9da33cf802b43f.jpg,CD45RO,CT
5f8c9c012208a4ae,images/5f8c9c012208a4ae.jpg,CD8,IM
a892e53f86169073,images/a892e53f86169073.jpg,CD45RO,IM
7900d5c8dd011027,images/7900d5c8dd011027.jpg,CD45RO,CT
668a1e7884711adc,images/668a1e7884711adc.jpg,T,IM
67d3446df844fc90,images/67d3446df844fc90.jpg,PD1,IM
8670836ba4286dc6,images/8670836ba4286dc6.jpg,CD45RO,IM
182db76db7fd4be7,images/182db76db7fd4be7.jpg,CD45RO,IM
d6586d5be8d95286,images/d6586d5be8d95286.jpg,PD1,IM
bca92ec085f8197c,images/bca92ec085f8197c.jpg,T,IM
1e83db5c7fb2d8a1,images/1e83db5c7fb2d8a1.jpg,PD1,CT
a96e0f861557b3aa,images/a96e0f861557b3aa.jpg,CD45RO,IM
a93c3390df28bc5d,images/a93c3390df28bc5d.jpg,CD45RO,IM
8e3315dc2ad060c8,images/8e3315dc2ad060c8.jpg,CDRO45,CT
78616e5c25a6b81c,images/78616e5c25a6b81c.jpg,PD1,IM
206161f7a6b07865,images/206161f7a6b07865.jpg,CD8,IM
7be7ca66c2cd6b15,images/7be7ca66c2cd6b15.jpg,PD1,CT
2ee3522dc7021a4f,images/2ee3522dc7021a4f.jpg,LAG3,IM
0e0f346d4199c35d,images/0e0f346d4199c35d.jpg,T,IM
b64c3133cb9a21c0,images/b64c3133cb9a21c0.jpg,CD8,CT
603db51082c4e1d0,images/603db51082c4e1d0.jpg,PD1,CT
aae22c9bac0db154,images/aae22c9bac0db154.jpg,T,IM
c09ff37a4be7f6e1,images/c09ff37a4be7f6e1.jpg,20x,CT
14987c795b6f6412,images/14987c795b6f6412.jpg,CD45RO,IM
aa792157b28d940f,images/aa792157b28d940f.jpg,T,IM
604bb45ffc0a2446,images/604bb45ffc0a2446.jpg,CD45RO,N
ffb7f64a0be93540,images/ffb7f64a0be93540.jpg,LAG3,IM
e709eaa5aedf355c,images/e709eaa5aedf355c.jpg,20x,IM
d88c621e609a1f31,images/d88c621e609a1f31.jpg,T,IM
1a228802fbfa6b74,images/1a228802fbfa6b74.jpg,CD3,IM
4297c229f1d6400a,images/4297c229f1d6400a.jpg,LAG3,IM
09672698f376de14,images/09672698f376de14.jpg,T,IM
882baa09106562f6,images/882baa09106562f6.jpg,CD45RO,CT
49d935dd070a5d42,images/49d935dd070a5d42.jpg,T,IM
89db9a3b32f2be0e,images/89db9a3b32f2be0e.jpg,T,IM
7abeef7afd7d4ba6,images/7abeef7afd7d4ba6.jpg,CD45RO,N
72727b431c66c20c,images/72727b431c66c20c.jpg,T,IM
730542a1ae931571,images/730542a1ae931571.jpg,CD3,N
c9a5b0ca9e8a5abc,images/c9a5b0ca9e8a5abc.jpg,CD45RO,CT
bc13021c2d9d8e6b,images/bc13021c2d9d8e6b.jpg,T,IM
e8c0d145afef0204,images/e8c0d145afef0204.jpg,20x,IM
5d5f084e20290906,images/5d5f084e20290906.jpg,CD3,IM
e31e66759eaf56d4,images/e31e66759eaf56d4.jpg,T,IM
03644df17096e29a,images/03644df17096e29a.jpg,T,IM
2ecb2ffb5065d35e,images/2ecb2ffb5065d35e.jpg,CD3,CT
b6a529eac31e778f,images/b6a529eac31e778f.jpg,CD8,IM
35ce14547cdd8cc3,images/35ce14547cdd8cc3.jpg,20x,CT
f2e19016ab3c2840,images/f2e19016ab3c2840.jpg,CD8,CT
84acc5aab7056c55,images/84acc5aab7056c55.jpg,CD45RO,N
f54b8621ed6cc85d,images/f54b8621ed6cc85d.jpg,20x,IM
23f89a026dd9414e,images/23f89a026dd9414e.jpg,CD3,CT
548585429730ae15,images/548585429730ae15.jpg,CD3,CT
039c338920453dad,images/039c338920453dad.jpg,CD45RO,CT
63c18e014726c758,images/63c18e014726c758.jpg,CD3,IM
753f7153cf72117d,images/753f7153cf72117d.jpg,CD3,CT
52749b173996dac2,images/52749b173996dac2.jpg,T,IM
b8e309abd18ebf51,images/b8e309abd18ebf51.jpg,20x,CT
e62f0e6c9816eab2,images/e62f0e6c9816eab2.jpg,T,IM
13daa212a3902474,images/13daa212a3902474.jpg,PD1,IM
60a1f2aca8221a92,images/60a1f2aca8221a92.jpg,20x,IM
832672091a713376,images/832672091a713376.jpg,PD1,CT
986b4f9b2a9654db,images/986b4f9b2a9654db.jpg,CD45RO,IM
695c87aa7bf83395,images/695c87aa7bf83395.jpg,PD1,CT
d28d36c2574822e7,images/d28d36c2574822e7.jpg,LAG3,IM
12e8756731b154d1,images/12e8756731b154d1.jpg,T,IM
e28d194d15bad01b,images/e28d194d15bad01b.jpg,20x,IM
7a5ef0d0514e46b9,images/7a5ef0d0514e46b9.jpg,CD8,N
69cdea77cdaa6b61,images/69cdea77cdaa6b61.jpg,20x,IM
c39b4e1eec3691ce,images/c39b4e1eec3691ce.jpg,PD1,CT
8fcb41fc4d5b5515,images/8fcb41fc4d5b5515.jpg,PD1,CT
c5558cffded7506b,images/c5558cffded7506b.jpg,LAG1,CT
960a40b19551769c,images/960a40b19551769c.jpg,LAG3,CT
d10ed49c6540dce4,images/d10ed49c6540dce4.jpg,PD1,CT
06aef310272b947d,images/06aef310272b947d.jpg,20x,IM
f9063d4bd2d37f99,images/f9063d4bd2d37f99.jpg,20x,CT
1e51c3bad535ed3d,images/1e51c3bad535ed3d.jpg,CD8,IM
c408217acfb22ee2,images/c408217acfb22ee2.jpg,T,IM
0801de9f025c89d1,images/0801de9f025c89d1.jpg,PD1,CT
4107c9a16cf1b03e,images/4107c9a16cf1b03e.jpg,CD3,IM
83ef6daf355006f8,images/83ef6daf355006f8.jpg,CD8,CT
42117c546fb64ada,images/42117c546fb64ada.jpg,CD3,IM
c77cc91dbb75c224,images/c77cc91dbb75c224.jpg,T,IM
b781bec581159479,images/b781bec581159479.jpg,PD1,CT
dec88edcf98f6606,images/dec88edcf98f6606.jpg,CD8,CT
b5395b1c97b53de6,images/b5395b1c97b53de6.jpg,CD45RO,IM
9a95f219f63dc743,images/9a95f219f63dc743.jpg,20x,IM
f60f513e1a7a4601,images/f60f513e1a7a4601.jpg,20x,IM
0a47391c84e8f9c9,images/0a47391c84e8f9c9.jpg,CD3,IM
cc3b8156f891eb9b,images/cc3b8156f891eb9b.jpg,CD3,N
a5f082e24e60cf6f,images/a5f082e24e60cf6f.jpg,PD1,CT
e9c02a71919198a8,images/e9c02a71919198a8.jpg,PD1,CT
26e41e0dc5e626f0,images/26e41e0dc5e626f0.jpg,20x,CT
0249f7a7bda9bea5,images/0249f7a7bda9bea5.jpg,CD8,CT
85962b7dc2f03d03,images/85962b7dc2f03d03.jpg,T,IM
b061e4ff699805d0,images/b061e4ff699805d0.jpg,CD8,CT
224516c47225f5eb,images/224516c47225f5eb.jpg,LAG3,IM
357ace381d5450be,images/357ace381d5450be.jpg,20x,CT
1d6e10f53744c325,images/1d6e10f53744c325.jpg,CD8,IM
0b21a42c818af296,images/0b21a42c818af296.jpg,T,IM
88908c83112c3bb6,images/88908c83112c3bb6.jpg,CD45RO,CT
58b81d8ef94882b2,images/58b81d8ef94882b2.jpg,20x,IM
903040d58627b378,images/903040d58627b378.jpg,PD1,IM
8b205c2001dc0d8e,images/8b205c2001dc0d8e.jpg,CD8,CT
1a937207762bb42f,images/1a937207762bb42f.jpg,T,IM
ddf3d6bcb7848e1a,images/ddf3d6bcb7848e1a.jpg,T,IM
fb304d64f98e1c75,images/fb304d64f98e1c75.jpg,CD8,N
da9b0c736b2dc0ef,images/da9b0c736b2dc0ef.jpg,CD3,N
e29faf6e7c5062d8,images/e29faf6e7c5062d8.jpg,CD3,CT
7ac95dcc012aefe6,images/7ac95dcc012aefe6.jpg,LAG3,CT
79e24d639f37188c,images/79e24d639f37188c.jpg,CD3,CT
1d5f9562d5c54a19,images/1d5f9562d5c54a19.jpg,CD8,N
35aa74ad9a40f13b,images/35aa74ad9a40f13b.jpg,LAG3,IM
d4690705990fd89b,images/d4690705990fd89b.jpg,CD3,CT
3c1ded7690db25e7,images/3c1ded7690db25e7.jpg,T,IM
af1b00405d08598e,images/af1b00405d08598e.jpg,CD3,IM
fa15ecaafa4ee748,images/fa15ecaafa4ee748.jpg,LAG3,IM
60ba5139fb173fd5,images/60ba5139fb173fd5.jpg,LAG3,IM
09d5a2d43c3b11ca,images/09d5a2d43c3b11ca.jpg,LAG3,IM
31472c77ac22539a,images/31472c77ac22539a.jpg,LAG3,CT
bf8729b6737f3bda,images/bf8729b6737f3bda.jpg,CD3,CT
3052b85940ccb339,images/3052b85940ccb339.jpg,CD3,IM
fd94d1e67bfeb036,images/fd94d1e67bfeb036.jpg,CD45RO,IM
cb9e3cecb8a679ca,images/cb9e3cecb8a679ca.jpg,CD45RO,IM
d3f7ccbab293278b,images/d3f7ccbab293278b.jpg,LAG3,IM
d9a7e2bbad119608,images/d9a7e2bbad119608.jpg,T,IM
96efaadf2dffcf89,images/96efaadf2dffcf89.jpg,CD3,CT
85f10cbb007dade8,images/85f10cbb007dade8.jpg,PD1,CT
2276f5f15a964b19,images/2276f5f15a964b19.jpg,PD1,CT
585d255ae8cfec94,images/585d255ae8cfec94.jpg,CD3,CT
446c66e495c5f4b5,images/446c66e495c5f4b5.jpg,CD3,CT
a0b0b396aa469377,images/a0b0b396aa469377.jpg,20x,CT
5c8058cb9b47f5c5,images/5c8058cb9b47f5c5.jpg,CD8,CT
0149cd9d97f96979,images/0149cd9d97f96979.jpg,CD45RO,N
7c8d83744bbc3a47,images/7c8d83744bbc3a47.jpg,T,IM
d0a07fa4e5baef8c,images/d0a07fa4e5baef8c.jpg,T,IM
76789879a42be9aa,images/76789879a42be9aa.jpg,CD3,CT
b46660cf01f44f8d,images/b46660cf01f44f8d.jpg,PD1,CT
7fe933b010d994b5,images/7fe933b010d994b5.jpg,T,IM
b08698c69ca949fa,images/b08698c69ca949fa.jpg,CD3,CT
f71deb3f9d504d67,images/f71deb3f9d504d67.jpg,T,IM
bbee7327e4492475,images/bbee7327e4492475.jpg,CD3,IM
3c0242164a776067,images/3c0242164a776067.jpg,20x,IM
b4ca92495cfd15d8,images/b4ca92495cfd15d8.jpg,CD3,N
82a95969eeb31553,images/82a95969eeb31553.jpg,CD3,CT
2f96d05885f76b4b,images/2f96d05885f76b4b.jpg,T,IM
459d814721edea7b,images/459d814721edea7b.jpg,20x,CT
ae825e750b261ea9,images/ae825e750b261ea9.jpg,PD1,IM
ac8c8599740249a1,images/ac8c8599740249a1.jpg,T,IM
8f16f4b1bc22bae6,images/8f16f4b1bc22bae6.jpg,CD3,N
c200ff7bee7b440d,images/c200ff7bee7b440d.jpg,CD3,CT
c020ea9eb22fa20c,images/c020ea9eb22fa20c.jpg,T,IM
936b43ad06c844fb,images/936b43ad06c844fb.jpg,20x,CT
1da65ad6ddfa5c50,images/1da65ad6ddfa5c50.jpg,T,IM
b75548081fadaf3b,images/b75548081fadaf3b.jpg,CD45RO,IM
cb1a9c55c606eac4,images/cb1a9c55c606eac4.jpg,PD1,CT
5c598e4998e8a4b7,images/5c598e4998e8a4b7.jpg,CD8,CT
8f5a0281edcd31fe,images/8f5a0281edcd31fe.jpg,T,IM
45df4247400d8589,images/45df4247400d8589.jpg,PD1,IM
11bc462c0624dcd0,images/11bc462c0624dcd0.jpg,20x,IM
2c6726920550398d,images/2c6726920550398d.jpg,CD3,CT
89ddc0ab32d77081,images/89ddc0ab32d77081.jpg,PD1,CT
14f439cf46ef9d6e,images/14f439cf46ef9d6e.jpg,20x,IM
f7d8c329e98d3e6e,images/f7d8c329e98d3e6e.jpg,CD3,N
403ea148af06927b,images/403ea148af06927b.jpg,CD3,CT
2397bfe4049770d3,images/2397bfe4049770d3.jpg,CD8,IM
4968ac84efe35fc0,images/4968ac84efe35fc0.jpg,CD3,CT
4c609dc5f127f7ec,images/4c609dc5f127f7ec.jpg,CD8,CT
566eaf16be73d016,images/566eaf16be73d016.jpg,T,IM
9df97f7a3c2d6ae5,images/9df97f7a3c2d6ae5.jpg,CD45RO,CT
d6e15abe0b62e281,images/d6e15abe0b62e281.jpg,T,IM
75eb42b4c68bc906,images/75eb42b4c68bc906.jpg,CD8,CT
f8ab5561efe305ca,images/f8ab5561efe305ca.jpg,CD8,IM
78b4757cc1028df3,images/78b4757cc1028df3.jpg,T,IM
7ce825cb49e1346b,images/7ce825cb49e1346b.jpg,20x,CT
34cf6040052429cc,images/34cf6040052429cc.jpg,CD45RO,N
9f01ad690b21a28e,images/9f01ad690b21a28e.jpg,CD8,IM
9a8df39b21353dd8,images/9a8df39b21353dd8.jpg,LAG3,IM
9da3d6554edcaaff,images/9da3d6554edcaaff.jpg,CD8,IM
fc1fbae44b5c352d,images/fc1fbae44b5c352d.jpg,20x,IM
2618657dbf0065d5,images/2618657dbf0065d5.jpg,PD1,IM
e1f2aebe02a619cf,images/e1f2aebe02a619cf.jpg,PD1,CT
2ff3d6f5a284c0a3,images/2ff3d6f5a284c0a3.jpg,CD45RO,CT
9b0fb78ad65d0cb7,images/9b0fb78ad65d0cb7.jpg,CD45RO,CT
4441b3bbd51d6515,images/4441b3bbd51d6515.jpg,T,IM
68fba5590ce7b63c,images/68fba5590ce7b63c.jpg,CD3,CT
b9fc608ade525026,images/b9fc608ade525026.jpg,CD3,IM
1732e2c51c27864f,images/1732e2c51c27864f.jpg,CD8,IM
5d717d5a8f654766,images/5d717d5a8f654766.jpg,CD45RO,IM
d05133f7bef05c32,images/d05133f7bef05c32.jpg,LAG3,IM
c8b9cd89a7ed21d4,images/c8b9cd89a7ed21d4.jpg,CD45RO,CT
56039e2d7d68406b,images/56039e2d7d68406b.jpg,CD45RO,IM
815953d58231ca64,images/815953d58231ca64.jpg,CD3,N
e8e61a69726ddf75,images/e8e61a69726ddf75.jpg,T,IM
733f430e9cf9f16b,images/733f430e9cf9f16b.jpg,CD8,CT
daa59974b8493e8b,images/daa59974b8493e8b.jpg,PD1,CT
5147138b448abdd8,images/5147138b448abdd8.jpg,CD3,IM
b73ce76299e76773,images/b73ce76299e76773.jpg,PD1,CT
6b4e38496cb89b2d,images/6b4e38496cb89b2d.jpg,LAG3,CT
367da4e8fa279c97,images/367da4e8fa279c97.jpg,LAG3,CT
846cc3dcd3279246,images/846cc3dcd3279246.jpg,CD45RO,CT
308ecde75dae21ca,images/308ecde75dae21ca.jpg,LAG3,IM
efb3be032e02881a,images/efb3be032e02881a.jpg,PD1,IM
aee1927aab61708d,images/aee1927aab61708d.jpg,PD1,IM
f463e747da983fe2,images/f463e747da983fe2.jpg,CD3,IM
17896382e25e7a44,images/17896382e25e7a44.jpg,T,IM
8c307979d49e1eb9,images/8c307979d49e1eb9.jpg,CD45RO,N
5dcc8aaa38541837,images/5dcc8aaa38541837.jpg,CD45RO,IM
e7dd33afb7bafc52,images/e7dd33afb7bafc52.jpg,CD3,IM
c89d14b2a9bc5313,images/c89d14b2a9bc5313.jpg,CD45RO,N
e56c5a50b4bb56b4,images/e56c5a50b4bb56b4.jpg,CD8,IM
0edf668ce7b75aa3,images/0edf668ce7b75aa3.jpg,20x,CT
30bf5031d8ca561a,images/30bf5031d8ca561a.jpg,20x,IM
78de7f7af232c1cb,images/78de7f7af232c1cb.jpg,CD3,CT
8ca55b4cf8664555,images/8ca55b4cf8664555.jpg,T,IM
10013af029d77e59,images/10013af029d77e59.jpg,20x,IM
2455328c8e92c32a,images/2455328c8e92c32a.jpg,CD8,IM
630429636b9fb7ed,images/630429636b9fb7ed.jpg,CD45RO,N
cd3c7555a5f7a40e,images/cd3c7555a5f7a40e.jpg,20x,IM
8802b8727233c7e4,images/8802b8727233c7e4.jpg,20x,IM
5491230cdb6c4cdc,images/5491230cdb6c4cdc.jpg,CD3,CT
1a19318677623e20,images/1a19318677623e20.jpg,PD1,CT
0ec4c2ca77bb6b37,images/0ec4c2ca77bb6b37.jpg,LAG3,IM
12352fe67abc5bff,images/12352fe67abc5bff.jpg,PD1,IM
27d4ac32343e2823,images/27d4ac32343e2823.jpg,CD8,CT
88c64c590d34a049,images/88c64c590d34a049.jpg,20x,CT
8ff0e731d39bd849,images/8ff0e731d39bd849.jpg,PD1,IM
c401837f9bf91c97,images/c401837f9bf91c97.jpg,LAG3,CT
45d6a29349b06d89,images/45d6a29349b06d89.jpg,CD8,IM
71c8b6e1a1acf2a3,images/71c8b6e1a1acf2a3.jpg,T,IM
2e37c60d3bbd315b,images/2e37c60d3bbd315b.jpg,LAG3,CT
ca0743d3ec6f9754,images/ca0743d3ec6f9754.jpg,CD3,IM
7c02b34ac9d12e01,images/7c02b34ac9d12e01.jpg,CD3,CT
8b373b74d5b2b30f,images/8b373b74d5b2b30f.jpg,LAG3,CT
5b1a6568da28f33b,images/5b1a6568da28f33b.jpg,LAG3,IM
6d147b6262957aec,images/6d147b6262957aec.jpg,20x,CT
8c8d61f61a681ea5,images/8c8d61f61a681ea5.jpg,PD1,IM
1fe40e6180cae4c8,images/1fe40e6180cae4c8.jpg,T,IM
bc9baac711523c12,images/bc9baac711523c12.jpg,CD3,IM
3cd8b47da22b9151,images/3cd8b47da22b9151.jpg,CD45RO,CT
675c80e22e17e003,images/675c80e22e17e003.jpg,CD8,N
e56443a11cd8d4b1,images/e56443a11cd8d4b1.jpg,PD1,IM
7d6768d82260284f,images/7d6768d82260284f.jpg,CD45RO,IM
2d7c8691b9695909,images/2d7c8691b9695909.jpg,LAG3,IM
feecb30e56fe9478,images/feecb30e56fe9478.jpg,CD3,IM
0fd536fe4a411f73,images/0fd536fe4a411f73.jpg,20x,CT
063a94918bc8cf60,images/063a94918bc8cf60.jpg,LAG3,IM
4ec38bd1b986868e,images/4ec38bd1b986868e.jpg,PD1,IM
a97a12535ea3f444,images/a97a12535ea3f444.jpg,CD45RO,CT
a8aad14d63fbd2a3,images/a8aad14d63fbd2a3.jpg,PD1,IM
039169480d4ade4a,images/039169480d4ade4a.jpg,CD45RO,CT
c614e09b99fcfea5,images/c614e09b99fcfea5.jpg,PD1,CT
c1a663a368d0330b,images/c1a663a368d0330b.jpg,PD1,IM
f36385c51113975d,images/f36385c51113975d.jpg,20x,CT
6896e06313ee04f0,images/6896e06313ee04f0.jpg,T,IM
914334d338eda245,images/914334d338eda245.jpg,T,IM
11a08e969dc3286e,images/11a08e969dc3286e.jpg,T,IM
842885961433734d,images/842885961433734d.jpg,T,IM
307bdbb7f217a023,images/307bdbb7f217a023.jpg,CD45RO,N
503a7f231cd16192,images/503a7f231cd16192.jpg,LAG3,CT
4f328b288ee55606,images/4f328b288ee55606.jpg,CD45RO,IM
5f646758c21a509c,images/5f646758c21a509c.jpg,CD8,N
35327e5878f16207,images/35327e5878f16207.jpg,T,IM
088ae893fe582b57,images/088ae893fe582b57.jpg,CD45RO,IM
6a6d8556b7952579,images/6a6d8556b7952579.jpg,CD45RO,CT
09981966fd45b8d0,images/09981966fd45b8d0.jpg,CD45RO,IM
3d4b8e3faac63296,images/3d4b8e3faac63296.jpg,LAG3,CT
daa2316b668ab82f,images/daa2316b668ab82f.jpg,CD3,IM
e2434fd5568c970e,images/e2434fd5568c970e.jpg,T,IM
0d486c89def96646,images/0d486c89def96646.jpg,CD45RO,IM
3e25cc9555ab08c7,images/3e25cc9555ab08c7.jpg,LAG3,IM
7e4652ad99e17c71,images/7e4652ad99e17c71.jpg,T,IM
62298c433eb95694,images/62298c433eb95694.jpg,CD45RO,N
963bcd3e018ccc04,images/963bcd3e018ccc04.jpg,LAG3,IM
6fcf3ae40e4403ba,images/6fcf3ae40e4403ba.jpg,CD45RO,CT
12eefc8a4497edce,images/12eefc8a4497edce.jpg,CD45RO,N
716d48f38f40a3b6,images/716d48f38f40a3b6.jpg,CD3,CT
0202e014816c75a3,images/0202e014816c75a3.jpg,T,IM
05b86dfab27eea30,images/05b86dfab27eea30.jpg,CD45RO,IM
9d156000a52e3200,images/9d156000a52e3200.jpg,PD1,CT
955aebcc998aa204,images/955aebcc998aa204.jpg,PD1,IM
73bdea7d720fd76b,images/73bdea7d720fd76b.jpg,CD3,IM
a97d70029bb160af,images/a97d70029bb160af.jpg,CD45RO,CT
d10ee5d0e5252e77,images/d10ee5d0e5252e77.jpg,CD45RO,CT
ec4395bf4eeb37d6,images/ec4395bf4eeb37d6.jpg,CD3,IM
57c747c26d16b368,images/57c747c26d16b368.jpg,PD1,IM
083597a8f8495e77,images/083597a8f8495e77.jpg,CD45RO,N
2785e480af8f4e0f,images/2785e480af8f4e0f.jpg,LAG3,CT
474dcc8cd7a9358d,images/474dcc8cd7a9358d.jpg,T,IM
36d77e757859fbbf,images/36d77e757859fbbf.jpg,20x,CT
714859f970c37a9b,images/714859f970c37a9b.jpg,CD3,CT
0b7a2d627a4995f1,images/0b7a2d627a4995f1.jpg,CD8,IM
2f0faad86c7fe057,images/2f0faad86c7fe057.jpg,CD45RO,CT
45c7659d8ed77608,images/45c7659d8ed77608.jpg,20x,IM
794e2d64172b1c40,images/794e2d64172b1c40.jpg,CD45RO,CT
7593889ea7c33032,images/7593889ea7c33032.jpg,LAG3,IM
109ff500a0de1731,images/109ff500a0de1731.jpg,PD1,CT
1716d66d1abb4bfe,images/1716d66d1abb4bfe.jpg,CD8,IM
0120ff5daefc5a1d,images/0120ff5daefc5a1d.jpg,20x,IM
fb5f303cdcdc80ff,images/fb5f303cdcdc80ff.jpg,CD45RO,CT
49da72de601d03a6,images/49da72de601d03a6.jpg,PD1,CT
b019501c79cb527c,images/b019501c79cb527c.jpg,20x,IM
2dfb7e47395e47c3,images/2dfb7e47395e47c3.jpg,LAG3,IM
f9669544e70c940d,images/f9669544e70c940d.jpg,CD3,N
50168137472244df,images/50168137472244df.jpg,CD45RO,IM
6f86552d497b2faa,images/6f86552d497b2faa.jpg,CD8,IM
46abcbc402feb5b7,images/46abcbc402feb5b7.jpg,T,IM
a6da23ac0de72992,images/a6da23ac0de72992.jpg,CD3,CT
aac863abd1b50253,images/aac863abd1b50253.jpg,CD8,CT
31e75a45bfa5caab,images/31e75a45bfa5caab.jpg,CD8,CT
a3a31b994230d8d6,images/a3a31b994230d8d6.jpg,CD45RO,N
24aa4137fabb29df,images/24aa4137fabb29df.jpg,LAG3,CT
10f3548dfb76da05,images/10f3548dfb76da05.jpg,20x,CT
913fc671e5749149,images/913fc671e5749149.jpg,T,IM
7dd4bb63bb057c05,images/7dd4bb63bb057c05.jpg,PD1,IM
531ca566449c907e,images/531ca566449c907e.jpg,CD3,CT
560088cc290fb8e9,images/560088cc290fb8e9.jpg,CD45RO,IM
9ba22978ef4dec9c,images/9ba22978ef4dec9c.jpg,T,IM
8d10b8630bbf0f4a,images/8d10b8630bbf0f4a.jpg,CD8,IM
27eea00cd4105dc0,images/27eea00cd4105dc0.jpg,CD45RO,N
bcc0040a131e3427,images/bcc0040a131e3427.jpg,CD45RO,IM
1db271f67bf61cca,images/1db271f67bf61cca.jpg,CD3,N
7b02ac1e49e040ab,images/7b02ac1e49e040ab.jpg,T,IM
5db7d424f0bf09ef,images/5db7d424f0bf09ef.jpg,CD45RO,IM
619a7d5ba0c21b80,images/619a7d5ba0c21b80.jpg,CD45RO,CT
6d5622ad2ab16f28,images/6d5622ad2ab16f28.jpg,CD45RO,CT
8766dbe470fd4e19,images/8766dbe470fd4e19.jpg,LAG3,IM
ccc8c3a4e520930c,images/ccc8c3a4e520930c.jpg,CD45RO,CT
1c9aca142f3d642c,images/1c9aca142f3d642c.jpg,T,IM
21fc1b9ca6155312,images/21fc1b9ca6155312.jpg,T,IM
ada009ffb743f9f3,images/ada009ffb743f9f3.jpg,CD8,IM
28bc6b0b84899831,images/28bc6b0b84899831.jpg,CD45RO,CT
0f42c52ff49d596d,images/0f42c52ff49d596d.jpg,CD8,IM
cebbbad4114fe5b8,images/cebbbad4114fe5b8.jpg,T,IM
6b2eb63f2039fe56,images/6b2eb63f2039fe56.jpg,T,IM
2cb0a9ce9e5b9626,images/2cb0a9ce9e5b9626.jpg,LAG3,CT
c1c9967af0bb0526,images/c1c9967af0bb0526.jpg,LAG3,IM
bf58d84ddb02324a,images/bf58d84ddb02324a.jpg,T,IM
24f4efe3120fa6b6,images/24f4efe3120fa6b6.jpg,LAG3,CT
f22f58dc44e18fca,images/f22f58dc44e18fca.jpg,CD8,CT
7f4488eff3eff479,images/7f4488eff3eff479.jpg,CD45RO,IM
1324cf19ab2432b1,images/1324cf19ab2432b1.jpg,CD8,N
2657f708629b46ef,images/2657f708629b46ef.jpg,CD8,CT
b365a84e69f6147b,images/b365a84e69f6147b.jpg,CD8,N
f28c5d661682d064,images/f28c5d661682d064.jpg,20x,CT
99c186651b09b84d,images/99c186651b09b84d.jpg,CD45RO,IM
9e6dde80de80db64,images/9e6dde80de80db64.jpg,PD1,IM
9980b17609dc1af5,images/9980b17609dc1af5.jpg,CD45RO,IM
0621af2c6f032a9d,images/0621af2c6f032a9d.jpg,T,IM
0e4e6fcdbbfd1d33,images/0e4e6fcdbbfd1d33.jpg,CD45RO,CT
ef004c0caad828f2,images/ef004c0caad828f2.jpg,CD45RO,IM
68c78d0f7d0c18ac,images/68c78d0f7d0c18ac.jpg,20x,IM
d9c72e0dff8ec9da,images/d9c72e0dff8ec9da.jpg,PD1,IM
5b087b0d2f2d2d50,images/5b087b0d2f2d2d50.jpg,CD3,N
6cfc85f9014c55a6,images/6cfc85f9014c55a6.jpg,CD8,IM
201c25e2ff65b11d,images/201c25e2ff65b11d.jpg,CD3,IM
7fcbbf0f8bdbd6a8,images/7fcbbf0f8bdbd6a8.jpg,T,IM
a24ad01be5cad825,images/a24ad01be5cad825.jpg,CD8,IM
2b06e660beb73a0a,images/2b06e660beb73a0a.jpg,PD1,IM
26abc8e5bd766c4c,images/26abc8e5bd766c4c.jpg,LAG3,CT
9d83063f3a91ba10,images/9d83063f3a91ba10.jpg,LAG3,CT
2f606bf2d2e40244,images/2f606bf2d2e40244.jpg,20x,CT
93c35212a917a297,images/93c35212a917a297.jpg,20x,CT
cc35394adcc66ba8,images/cc35394adcc66ba8.jpg,CD8,IM
1de4857ae112449d,images/1de4857ae112449d.jpg,CD3,IM
1329880aaac9b7fc,images/1329880aaac9b7fc.jpg,T,IM
8dd5efa5bc8bb9c5,images/8dd5efa5bc8bb9c5.jpg,T,IM
a5522313541f055c,images/a5522313541f055c.jpg,CD45RO,CT
6b222d7acca66696,images/6b222d7acca66696.jpg,CD3,IM
e1b2b97836b37e31,images/e1b2b97836b37e31.jpg,T,IM
e4f4430ca3d784fe,images/e4f4430ca3d784fe.jpg,PD1,IM
53219387fc69320a,images/53219387fc69320a.jpg,LAG3,CT
d3a9ea36766581f5,images/d3a9ea36766581f5.jpg,CD3,IM
fd17b331013a3361,images/fd17b331013a3361.jpg,CD45RO,IM
b7f9c546ab33337f,images/b7f9c546ab33337f.jpg,LAG3,CT
024506da1a8a52ae,images/024506da1a8a52ae.jpg,CD3,CT
728d25694ffaed4d,images/728d25694ffaed4d.jpg,CD45RO,CT
ac528a6049778404,images/ac528a6049778404.jpg,T,IM
6d77ee09337c1446,images/6d77ee09337c1446.jpg,PD1,IM
6e3302c4e1b1073d,images/6e3302c4e1b1073d.jpg,LAG3,IM
2b8baa8d26077b80,images/2b8baa8d26077b80.jpg,20x,IM
04918c3541c49ae7,images/04918c3541c49ae7.jpg,20x,IM
228456a1a856c61b,images/228456a1a856c61b.jpg,CD3,CT
74b936fea734750e,images/74b936fea734750e.jpg,CD3,CT
7c4f5ffaae03b489,images/7c4f5ffaae03b489.jpg,PD1,IM
e61c8d68425fdd74,images/e61c8d68425fdd74.jpg,CD8,IM
2f6abc12d230f253,images/2f6abc12d230f253.jpg,PD1,IM
db5ba13ff3f8a371,images/db5ba13ff3f8a371.jpg,20x,IM
80913a18e0802cd1,images/80913a18e0802cd1.jpg,LAG3,CT
527aa3869fcb4071,images/527aa3869fcb4071.jpg,PD1,CT
df2ffbc04b3b0027,images/df2ffbc04b3b0027.jpg,CD3,IM
42a0f0aa3691e535,images/42a0f0aa3691e535.jpg,LAG1,IM
d07ed327e2898ec6,images/d07ed327e2898ec6.jpg,20x,IM
ac11eecce7f69b1e,images/ac11eecce7f69b1e.jpg,CD3,IM
62e31a4620537086,images/62e31a4620537086.jpg,20x,CT
a809f45837a8d892,images/a809f45837a8d892.jpg,CD8,N
81895b8a505d265a,images/81895b8a505d265a.jpg,LAG3,CT
2669d0331ba7bf8d,images/2669d0331ba7bf8d.jpg,20x,CT
eea1879233cae337,images/eea1879233cae337.jpg,T,IM
b5f08a93fb854215,images/b5f08a93fb854215.jpg,CD45RO,CT
fb492a0cf72c07d3,images/fb492a0cf72c07d3.jpg,LAG3,CT
6997e8e35f51ebdc,images/6997e8e35f51ebdc.jpg,PD1,IM
9a133dcac3b8e473,images/9a133dcac3b8e473.jpg,CD45RO,IM
2f916bb4f8fc9c7c,images/2f916bb4f8fc9c7c.jpg,T,IM
1ad22ff54bc7e21a,images/1ad22ff54bc7e21a.jpg,T,IM
60b3fdf78f74c702,images/60b3fdf78f74c702.jpg,PD1,CT
74c91fe721a7558e,images/74c91fe721a7558e.jpg,T,IM
c4a96e6ff6a62d30,images/c4a96e6ff6a62d30.jpg,LAG3,IM
136ebfbabc5ecf67,images/136ebfbabc5ecf67.jpg,20x,CT
deb7c86444e47114,images/deb7c86444e47114.jpg,PD1,IM
fb26f2e8d1c1a3df,images/fb26f2e8d1c1a3df.jpg,CD8,CT
4289948fdec116bb,images/4289948fdec116bb.jpg,20x,IM
8b0510076801c9dd,images/8b0510076801c9dd.jpg,PD1,IM
07f1c618109718c1,images/07f1c618109718c1.jpg,CD45RO,CT
bb268dad009c13e8,images/bb268dad009c13e8.jpg,20x,CT
160694a40ba8ddac,images/160694a40ba8ddac.jpg,PD1,CT
ffea4bc34de565dd,images/ffea4bc34de565dd.jpg,CD45RO,CT
ce57f17753f48bcd,images/ce57f17753f48bcd.jpg,CD45RO,N
2bbcceb2f5f34717,images/2bbcceb2f5f34717.jpg,CD8,IM
b4fe3209da945b1a,images/b4fe3209da945b1a.jpg,CD8,CT
e95f280b93898cfd,images/e95f280b93898cfd.jpg,CD45RO,IM
9c96c5080852ebd7,images/9c96c5080852ebd7.jpg,CD8,CT
fe12c14ceeaec425,images/fe12c14ceeaec425.jpg,20x,CT
35a57d8fecfdd4f8,images/35a57d8fecfdd4f8.jpg,CD45RO,IM
ad5b52c7f5f7f7bc,images/ad5b52c7f5f7f7bc.jpg,PD1,CT
233ba48ebea9e277,images/233ba48ebea9e277.jpg,CD8,CT
89dc46e66c1781b6,images/89dc46e66c1781b6.jpg,PD1,IM
a485b915db2260c2,images/a485b915db2260c2.jpg,LAG3,CT
be584f5e1c98ab77,images/be584f5e1c98ab77.jpg,20x,CT
7a9e2df9f1ab0ed4,images/7a9e2df9f1ab0ed4.jpg,CD8,CT
89a58720e1f62a26,images/89a58720e1f62a26.jpg,CD45RO,N
411311800177322d,images/411311800177322d.jpg,CD3,N
7327a2c39f7c4b4a,images/7327a2c39f7c4b4a.jpg,CD8,CT
fdfb295e068fda14,images/fdfb295e068fda14.jpg,20x,IM
0f2256ebc391c662,images/0f2256ebc391c662.jpg,CD45RO,CT
82442c7fe67192ef,images/82442c7fe67192ef.jpg,T,IM
73b609da4e0fe7aa,images/73b609da4e0fe7aa.jpg,20x,CT
834bd676fda3c4a8,images/834bd676fda3c4a8.jpg,PD1,IM
b07ec0f03eb89833,images/b07ec0f03eb89833.jpg,CD3,N
61aae4f7db37a321,images/61aae4f7db37a321.jpg,CD8,IM
5c088fa8f3d48a34,images/5c088fa8f3d48a34.jpg,T,IM
c9678d4d6af32202,images/c9678d4d6af32202.jpg,T,IM
fe95bb9d259020c8,images/fe95bb9d259020c8.jpg,CD3,CT
36ce56bca6c35c29,images/36ce56bca6c35c29.jpg,20x,IM
1ccba5b0852cef6a,images/1ccba5b0852cef6a.jpg,20x,IM
7f5c6a27dfe87de2,images/7f5c6a27dfe87de2.jpg,T,IM
27c83ba357f86adf,images/27c83ba357f86adf.jpg,T,IM
0086f1af27ce51f3,images/0086f1af27ce51f3.jpg,PD1,CT
a1157d3fb2386ddc,images/a1157d3fb2386ddc.jpg,CD45RO,CT
52be7e2f8886862e,images/52be7e2f8886862e.jpg,PD1,IM
ec2d3cc00e87844f,images/ec2d3cc00e87844f.jpg,CD8,IM
9db2418ab9eaa528,images/9db2418ab9eaa528.jpg,CD45RO,CT
68accaaedbce868a,images/68accaaedbce868a.jpg,LAG3,IM
40356e84aebe90e3,images/40356e84aebe90e3.jpg,CD3,CT
59515ef9fd25ada2,images/59515ef9fd25ada2.jpg,T,IM
4373ccbe104a1864,images/4373ccbe104a1864.jpg,CD3,CT
3576c770bf7e6bbb,images/3576c770bf7e6bbb.jpg,T,IM
28f9a1f512833c68,images/28f9a1f512833c68.jpg,CD45RO,IM
63c451eb97add42e,images/63c451eb97add42e.jpg,LAG3,IM
bd14a00871e7e81d,images/bd14a00871e7e81d.jpg,20x,IM
1231b991979b3a63,images/1231b991979b3a63.jpg,CD3,CT
9f86c8b2aeb1c4a5,images/9f86c8b2aeb1c4a5.jpg,CD8,CT
f9f88e69d2eb276e,images/f9f88e69d2eb276e.jpg,CD3,IM
2a015d649a6f51de,images/2a015d649a6f51de.jpg,CD8,N
d9c1c255b06d2140,images/d9c1c255b06d2140.jpg,CD3,N
e2232419e01b4421,images/e2232419e01b4421.jpg,LAG3,CT
45f72f044a33310a,images/45f72f044a33310a.jpg,20x,CT
5a236a7bad8548b5,images/5a236a7bad8548b5.jpg,CD3,IM
7b6e1944fb3d87c3,images/7b6e1944fb3d87c3.jpg,CD8,N
7757c632e20428ec,images/7757c632e20428ec.jpg,CD8,IM
4e346b9f46a37fd9,images/4e346b9f46a37fd9.jpg,20x,CT
ae27adf35001325c,images/ae27adf35001325c.jpg,CD3,IM
df7b710ec6012497,images/df7b710ec6012497.jpg,LAG3,CT
b2df26e92fe3375d,images/b2df26e92fe3375d.jpg,CD3,IM
b1b27d336bb59559,images/b1b27d336bb59559.jpg,CD45RO,IM
789cc529a0d1ea3c,images/789cc529a0d1ea3c.jpg,T,IM
4aab2ca333720708,images/4aab2ca333720708.jpg,LAG3,IM
98fb675d1732003f,images/98fb675d1732003f.jpg,CD8,N
6c7c3e815737900b,images/6c7c3e815737900b.jpg,CD3,IM
69b7d037785f0fdb,images/69b7d037785f0fdb.jpg,LAG3,IM
cfcb9e0fad5a4b23,images/cfcb9e0fad5a4b23.jpg,CD45RO,CT
1fdfef927fb78dbe,images/1fdfef927fb78dbe.jpg,T,IM
a556f10b035cba47,images/a556f10b035cba47.jpg,20x,IM
66427eeed7086a63,images/66427eeed7086a63.jpg,20x,IM
21b0795c0d315df7,images/21b0795c0d315df7.jpg,PD1,IM
d00e668a64845456,images/d00e668a64845456.jpg,CD45RO,CT
6ba60d6a7d07b503,images/6ba60d6a7d07b503.jpg,20x,IM
ec3aa32a86554dae,images/ec3aa32a86554dae.jpg,LAG3,IM
a791dce52abec120,images/a791dce52abec120.jpg,20x,IM
e41b61a226966c7a,images/e41b61a226966c7a.jpg,LAG3,IM
4fc3ea6c3f3b7fc6,images/4fc3ea6c3f3b7fc6.jpg,PD1,IM
9004b822a592cd42,images/9004b822a592cd42.jpg,CD45RO,N
3038e80c1ccbc3c4,images/3038e80c1ccbc3c4.jpg,CD8,N
8d8eb743ab00ed1e,images/8d8eb743ab00ed1e.jpg,20x,CT
274e832cd999d1e7,images/274e832cd999d1e7.jpg,CD45RO,CT
5eab8926d0f852ab,images/5eab8926d0f852ab.jpg,CD45RO,CT
939913a91033d0ed,images/939913a91033d0ed.jpg,20x,CT
6526be8904128c05,images/6526be8904128c05.jpg,PD1,CT
0e0ef748fbcccec1,images/0e0ef748fbcccec1.jpg,LAG3,CT
a6bee64f50ad06f2,images/a6bee64f50ad06f2.jpg,20x,IM
64bd4e82938fb152,images/64bd4e82938fb152.jpg,CD45RO,IM
da1dd55d3d3705eb,images/da1dd55d3d3705eb.jpg,20x,IM
f61a318a633c7279,images/f61a318a633c7279.jpg,LAG3,CT
d41d9d26f8aaf9b9,images/d41d9d26f8aaf9b9.jpg,PD1,CT
32dd6af4245d400e,images/32dd6af4245d400e.jpg,CD8,IM
2bfe31047095da68,images/2bfe31047095da68.jpg,T,IM
7306c23701ffcaca,images/7306c23701ffcaca.jpg,CD45RO,CT
3b34f72f7c2e8737,images/3b34f72f7c2e8737.jpg,CD8,CT
88afd803113da31d,images/88afd803113da31d.jpg,T,IM
71ef8b0a45c286e3,images/71ef8b0a45c286e3.jpg,T,IM
d3e3d386662b7abb,images/d3e3d386662b7abb.jpg,20x,CT
f408454a8903cd98,images/f408454a8903cd98.jpg,CD8,CT
06a7c06d2208768e,images/06a7c06d2208768e.jpg,CD3,N
d8faa15d3bec6463,images/d8faa15d3bec6463.jpg,T,IM
1f1dffacbf0487d2,images/1f1dffacbf0487d2.jpg,CD8,IM
327c27b25576788f,images/327c27b25576788f.jpg,CD45RO,CT
ccde27b27eeeecd3,images/ccde27b27eeeecd3.jpg,CD3,IM
181f703857d933a9,images/181f703857d933a9.jpg,LAG3,CT
a7d656bfd787e0a0,images/a7d656bfd787e0a0.jpg,CD8,CT
e279babb0e9b4d51,images/e279babb0e9b4d51.jpg,T,IM
f5e47d4b28e04ea6,images/f5e47d4b28e04ea6.jpg,CD8,CT
26dabf06a6b1d44a,images/26dabf06a6b1d44a.jpg,CD8,IM
5e475acad03a1689,images/5e475acad03a1689.jpg,CD45RO,CT
737bca88e2393191,images/737bca88e2393191.jpg,T,IM
9f26c19dfdf4208d,images/9f26c19dfdf4208d.jpg,PD1,IM
86a763a1d8cf6c04,images/86a763a1d8cf6c04.jpg,PD1,CT
b11f4ca580376367,images/b11f4ca580376367.jpg,CD8,N
408ae25afc57e1bd,images/408ae25afc57e1bd.jpg,CD8,CT
03e74b634cb0183f,images/03e74b634cb0183f.jpg,20x,CT
5ea3df21646ebe7a,images/5ea3df21646ebe7a.jpg,CD3,N
6688f392c9507e90,images/6688f392c9507e90.jpg,LAG3,CT
bcb107fe7327aada,images/bcb107fe7327aada.jpg,CD8,N
31df20661bebead3,images/31df20661bebead3.jpg,CD45RO,CT
ff731b4bfb35be6a,images/ff731b4bfb35be6a.jpg,CD3,CT
afa3d52aa4df5be0,images/afa3d52aa4df5be0.jpg,HE,CT
c3356dc7856d5790,images/c3356dc7856d5790.jpg,PD1,IM
48f31f9804665059,images/48f31f9804665059.jpg,T,IM
b502d66f0d29957b,images/b502d66f0d29957b.jpg,T,IM
d128f385e08ccbae,images/d128f385e08ccbae.jpg,PD1,IM
84ff5ceca1007bdb,images/84ff5ceca1007bdb.jpg,T,IM
51c3d20bdc00446e,images/51c3d20bdc00446e.jpg,CD8,IM
db3a244fbdaa3bc2,images/db3a244fbdaa3bc2.jpg,CD8,IM
bbe7ee3970389c3d,images/bbe7ee3970389c3d.jpg,PD1,CT
00f70ae732c93cd8,images/00f70ae732c93cd8.jpg,20x,IM
e63bc422bd26b15f,images/e63bc422bd26b15f.jpg,CD8,IM
4004c8e8b9726078,images/4004c8e8b9726078.jpg,PD1,CT
fd90bd960b44347a,images/fd90bd960b44347a.jpg,CD3,N
6e04991700e7b7e0,images/6e04991700e7b7e0.jpg,CD3,IM
37d519607a962bf0,images/37d519607a962bf0.jpg,20x,CT
155199c13075d48e,images/155199c13075d48e.jpg,CD8,CT
1edc3a0357ab2473,images/1edc3a0357ab2473.jpg,T,IM
dc70c3b828cbf959,images/dc70c3b828cbf959.jpg,T,IM
8a20c2a7ba4cbc00,images/8a20c2a7ba4cbc00.jpg,LAG3,IM
b2b1e49685ab164c,images/b2b1e49685ab164c.jpg,20x,IM
df6a4e6b914e1228,images/df6a4e6b914e1228.jpg,CD45RO,IM
ca167a3c335fc4df,images/ca167a3c335fc4df.jpg,CD45RO,CT
f8de03e4aac02b84,images/f8de03e4aac02b84.jpg,PD1,IM
f33a52a5eb75c771,images/f33a52a5eb75c771.jpg,CD45RO,IM
9398be7519b30b22,images/9398be7519b30b22.jpg,CD3,IM
e527178b1abf8a19,images/e527178b1abf8a19.jpg,CD45RO,IM
49ad71026d69c24d,images/49ad71026d69c24d.jpg,CD45RO,IM
08b7b5d439819c71,images/08b7b5d439819c71.jpg,20x,CT
23bdee64cb3cf309,images/23bdee64cb3cf309.jpg,PD1,CT
83d6d25426495dca,images/83d6d25426495dca.jpg,CD3,IM
ed916045e887da77,images/ed916045e887da77.jpg,CD8,IM
4420544e03c95964,images/4420544e03c95964.jpg,CD8,CT
e15ef6e3c9d411a9,images/e15ef6e3c9d411a9.jpg,PD1,CT
c66bd0fb3d7402df,images/c66bd0fb3d7402df.jpg,LAG3,CT
6f53ab68ca3e32a6,images/6f53ab68ca3e32a6.jpg,CD3,IM
889f8e0c31f819f9,images/889f8e0c31f819f9.jpg,LAG3,IM
049752d4b9613d38,images/049752d4b9613d38.jpg,CD3,N
f3d6e7b517c4ac2c,images/f3d6e7b517c4ac2c.jpg,CD3,N
1914d432d6613245,images/1914d432d6613245.jpg,LAG3,CT
42a3af40a4ff9c94,images/42a3af40a4ff9c94.jpg,20x,IM
e753565a8514a384,images/e753565a8514a384.jpg,LAG3,CT
c2e81a4e13632567,images/c2e81a4e13632567.jpg,T,IM
478dfd966df29329,images/478dfd966df29329.jpg,T,IM
de90f8cecd81f3fa,images/de90f8cecd81f3fa.jpg,PD1,CT
1d4cfb361dd9ad4c,images/1d4cfb361dd9ad4c.jpg,CD3,IM
fddc5f5e04720f30,images/fddc5f5e04720f30.jpg,CD8,CT
bcf295899f313d69,images/bcf295899f313d69.jpg,CD3,CT
1592fc02e4d03b45,images/1592fc02e4d03b45.jpg,CD3,N
76ded12186d5c38f,images/76ded12186d5c38f.jpg,LAG3,IM
5d9f17a9e58302b7,images/5d9f17a9e58302b7.jpg,PD1,CT
f6dc9e4d9ead3a4f,images/f6dc9e4d9ead3a4f.jpg,CD3,CT
1bd5dc22f16e05f7,images/1bd5dc22f16e05f7.jpg,LAG3,CT
dde09762ba23d8e0,images/dde09762ba23d8e0.jpg,LAG3,CT
4e233ddac71b985c,images/4e233ddac71b985c.jpg,CD8,N
6f54eab8a078b0b4,images/6f54eab8a078b0b4.jpg,T,IM
6ea43ce50b98ecf8,images/6ea43ce50b98ecf8.jpg,20x,CT
f9017dcb37f3354a,images/f9017dcb37f3354a.jpg,T,IM
949325cbc037ec29,images/949325cbc037ec29.jpg,PD1,IM
f6786ec242470846,images/f6786ec242470846.jpg,20x,CT
5a1216df4326aca7,images/5a1216df4326aca7.jpg,20x,CT
53331d69c1b1bf43,images/53331d69c1b1bf43.jpg,20x,IM
814adf24b741a782,images/814adf24b741a782.jpg,CD3,IM
cce11ae63c331cf3,images/cce11ae63c331cf3.jpg,CD3,IM
baafb5a445fe7de7,images/baafb5a445fe7de7.jpg,CD3,CT
6215a157c307db12,images/6215a157c307db12.jpg,20x,IM
778211d11e535ec3,images/778211d11e535ec3.jpg,CD45RO,IM
2e64c095d777d618,images/2e64c095d777d618.jpg,LAG3,CT
6fa965d6e3291979,images/6fa965d6e3291979.jpg,T,IM
42e416afc4711f04,images/42e416afc4711f04.jpg,20x,CT
af546c40ef9bd35e,images/af546c40ef9bd35e.jpg,LAG3,CT
8441c471d9a479d1,images/8441c471d9a479d1.jpg,T,IM
e0fdd9affe21fbfa,images/e0fdd9affe21fbfa.jpg,T,IM
f8218f4a8fea6bb2,images/f8218f4a8fea6bb2.jpg,CD45RO,IM
8f5fd4b14803babb,images/8f5fd4b14803babb.jpg,CD8,CT
c6ae8c0e174713e1,images/c6ae8c0e174713e1.jpg,PD1,IM
69ef19173b041505,images/69ef19173b041505.jpg,CD45RO,IM
5fc40ab4b24fff9b,images/5fc40ab4b24fff9b.jpg,CD45RO,N
315a59050b6695e6,images/315a59050b6695e6.jpg,CD8,CT
c36885695f40c2b1,images/c36885695f40c2b1.jpg,T,IM
ea5bb33353eab4b4,images/ea5bb33353eab4b4.jpg,CD8,IM
42d37ef07bc4e470,images/42d37ef07bc4e470.jpg,20x,CT
77cff11b3da2f306,images/77cff11b3da2f306.jpg,CD45RO,IM
f2dddd5a5783afd8,images/f2dddd5a5783afd8.jpg,T,IM
3e151e0bf19e6b01,images/3e151e0bf19e6b01.jpg,CD3,N
d733f177dfa5651b,images/d733f177dfa5651b.jpg,PD1,IM
eb1923d5b09194e6,images/eb1923d5b09194e6.jpg,CD8,N
7a115d079474d514,images/7a115d079474d514.jpg,CD8,CT
bbef3c031f3cb109,images/bbef3c031f3cb109.jpg,20x,CT
db3b068ecdaf6da1,images/db3b068ecdaf6da1.jpg,CD45RO,N
dbd894a493bc462f,images/dbd894a493bc462f.jpg,CD8,N
00e0bf1808200fe1,images/00e0bf1808200fe1.jpg,CD3,N
41165533010e378f,images/41165533010e378f.jpg,CD3,CT
7eb376580d85ef86,images/7eb376580d85ef86.jpg,CD3,CT
ed526f48fffe9cef,images/ed526f48fffe9cef.jpg,PD1,IM
b5c4309bd2440e83,images/b5c4309bd2440e83.jpg,CD3,IM
7567bd354e65efd1,images/7567bd354e65efd1.jpg,CD3,IM
4084a906e257c307,images/4084a906e257c307.jpg,CD8,CT
659e79671a6b944f,images/659e79671a6b944f.jpg,20x,CT
100fd469c2a44208,images/100fd469c2a44208.jpg,CD8,IM
7133dc0875a2380b,images/7133dc0875a2380b.jpg,CD3,CT
cb2b96fb06f3ac05,images/cb2b96fb06f3ac05.jpg,LAG3,CT
fa63f563dbe0e227,images/fa63f563dbe0e227.jpg,PD1,IM
099801a020131cc6,images/099801a020131cc6.jpg,PD1,IM
82aa91b46236cbe0,images/82aa91b46236cbe0.jpg,CD3,CT
6312ba94e992932c,images/6312ba94e992932c.jpg,CD8,CT
60f7552488a2fa0b,images/60f7552488a2fa0b.jpg,CD3,IM
85cbdcdbe14c2e4b,images/85cbdcdbe14c2e4b.jpg,LAG3,IM
88016d68d20ae1cc,images/88016d68d20ae1cc.jpg,PD1,CT
4fec8e8f0a026ddc,images/4fec8e8f0a026ddc.jpg,LAG3,IM
be97099e0721d2a0,images/be97099e0721d2a0.jpg,T,IM
66a3ff8cfcbfe9c5,images/66a3ff8cfcbfe9c5.jpg,20x,IM
56e94265948c767c,images/56e94265948c767c.jpg,T,IM
45841031f78ef126,images/45841031f78ef126.jpg,PD1,CT
12250a3d86a86b50,images/12250a3d86a86b50.jpg,LAG3,CT
70516fb1b22d409b,images/70516fb1b22d409b.jpg,T,IM
b306f61010f95b96,images/b306f61010f95b96.jpg,T,IM
3ca7a397caca0fc7,images/3ca7a397caca0fc7.jpg,T,IM
0119d2238a110ef1,images/0119d2238a110ef1.jpg,20x,CT
ba5e683452d5a8b3,images/ba5e683452d5a8b3.jpg,CD8,IM
d4a33703dd191fbd,images/d4a33703dd191fbd.jpg,CD45RO,IM
ffbed3ccd17ca602,images/ffbed3ccd17ca602.jpg,LAG3,IM
9c782167a11a719b,images/9c782167a11a719b.jpg,PD1,CT
0d5a13c1830cd45a,images/0d5a13c1830cd45a.jpg,CD3,CT
6ad4256f505b991d,images/6ad4256f505b991d.jpg,T,IM
60627411502cdec1,images/60627411502cdec1.jpg,CD45RO,IM
cb85a1ee177e976d,images/cb85a1ee177e976d.jpg,CD8,CT
76f44f750dc93f67,images/76f44f750dc93f67.jpg,20x,IM
08311ad16a15cc0d,images/08311ad16a15cc0d.jpg,PD1,IM
a13c99b4a3e4bcf5,images/a13c99b4a3e4bcf5.jpg,CD3,IM
f2d3c7473a780625,images/f2d3c7473a780625.jpg,T,IM
d20c8667a9898461,images/d20c8667a9898461.jpg,CD45RO,CT
3a5595a7d4769745,images/3a5595a7d4769745.jpg,CD8,IM
c5ca4d1c723955b4,images/c5ca4d1c723955b4.jpg,CD3,IM
b6e60544446f4c00,images/b6e60544446f4c00.jpg,T,IM
f6dc85af91a1501d,images/f6dc85af91a1501d.jpg,CD45RO,CT
eccbe984c9a4c135,images/eccbe984c9a4c135.jpg,LAG3,IM
2b9d947be9b5174e,images/2b9d947be9b5174e.jpg,20x,CT
c96346d1be75f017,images/c96346d1be75f017.jpg,CD45RO,CT
f3eb8f612a7afccb,images/f3eb8f612a7afccb.jpg,PD1,IM
2e4c411c035a4294,images/2e4c411c035a4294.jpg,CD3,CT
149be61b338f79ae,images/149be61b338f79ae.jpg,20x,IM
c027b0ca74d902d3,images/c027b0ca74d902d3.jpg,CD8,IM
fb68cbd430f82edf,images/fb68cbd430f82edf.jpg,PD1,IM
e902649c9fe789f1,images/e902649c9fe789f1.jpg,T,IM
c76d5fdf70b4beb7,images/c76d5fdf70b4beb7.jpg,T,IM
a1a2f0280c4a79cd,images/a1a2f0280c4a79cd.jpg,PD1,CT
af65861d1d758997,images/af65861d1d758997.jpg,CD3,IM
02aeb907a98dcc79,images/02aeb907a98dcc79.jpg,CD8,IM
826ab0ee3100e39e,images/826ab0ee3100e39e.jpg,CD3,IM
d4fc81b9a192e88c,images/d4fc81b9a192e88c.jpg,CD45RO,N
a4508d1005d4caf4,images/a4508d1005d4caf4.jpg,CD3,IM
124b3c5715cd8a8c,images/124b3c5715cd8a8c.jpg,T,IM
8aa0bac37d5fecc8,images/8aa0bac37d5fecc8.jpg,PD1,IM
11c69172a86a563f,images/11c69172a86a563f.jpg,LAG3,IM
cfaee33c6ef780f4,images/cfaee33c6ef780f4.jpg,CD3,CT
95eff75cbf8f351b,images/95eff75cbf8f351b.jpg,CD8,IM
9f5b1f2c54733fc6,images/9f5b1f2c54733fc6.jpg,CD45RO,CT
75045abbd67bccc3,images/75045abbd67bccc3.jpg,20x,IM
81cf4b1a4b0ec88b,images/81cf4b1a4b0ec88b.jpg,CD3,IM
2c697f1ea017130f,images/2c697f1ea017130f.jpg,20x,CT
6119cc6f237a2e43,images/6119cc6f237a2e43.jpg,LAG3,CT
4f0935ce5906b7b2,images/4f0935ce5906b7b2.jpg,T,IM
59ef38ea52a180e4,images/59ef38ea52a180e4.jpg,T,IM
0e8e0009fdee8352,images/0e8e0009fdee8352.jpg,PD1,CT
ba29cb230509ce8c,images/ba29cb230509ce8c.jpg,20x,CT
48206c3d4a1a4bcb,images/48206c3d4a1a4bcb.jpg,CD8,CT
44f9577f2ae1c91c,images/44f9577f2ae1c91c.jpg,CD45RO,CT
76e154fc82b3bfb2,images/76e154fc82b3bfb2.jpg,CD3,IM
ba316ec859a1d8aa,images/ba316ec859a1d8aa.jpg,PD1,CT
3792684081764209,images/3792684081764209.jpg,CD8,CT
5d5a91a2ec0ca9e5,images/5d5a91a2ec0ca9e5.jpg,PD1,CT
d3e4a8d7b7cc2c9b,images/d3e4a8d7b7cc2c9b.jpg,20x,CT
e41ddebb3f29d8d0,images/e41ddebb3f29d8d0.jpg,20x,IM
2659db119eee1c4d,images/2659db119eee1c4d.jpg,CD3,IM
74af83d074cae0ef,images/74af83d074cae0ef.jpg,CD45RO,CT
9a3b120a9fcae097,images/9a3b120a9fcae097.jpg,CD8,N
3d1713489de779f2,images/3d1713489de779f2.jpg,PD1,CT
2f708ea85ec9a905,images/2f708ea85ec9a905.jpg,T,IM
6952e3b7895056e7,images/6952e3b7895056e7.jpg,20x,IM
49c687a745dcc07d,images/49c687a745dcc07d.jpg,LAG3,CT
4ebe38613d9d75a5,images/4ebe38613d9d75a5.jpg,T,IM
f1533a318cdf6b75,images/f1533a318cdf6b75.jpg,PD1,CT
5acd8bd3e5dc3121,images/5acd8bd3e5dc3121.jpg,CD3,N
3f2100bc0396d780,images/3f2100bc0396d780.jpg,T,IM
7800ec0fe970feb1,images/7800ec0fe970feb1.jpg,CD3,N
7c7ef894a03705eb,images/7c7ef894a03705eb.jpg,CD3,IM
06884798a606d677,images/06884798a606d677.jpg,CD3,IM
28544d692159f2e5,images/28544d692159f2e5.jpg,CD8,IM
023265f30508ac54,images/023265f30508ac54.jpg,CD8,IM
07835a93c848a2b0,images/07835a93c848a2b0.jpg,20x,CT
5ec85399cc97766d,images/5ec85399cc97766d.jpg,20x,CT
078d1769989afd07,images/078d1769989afd07.jpg,CD45RO,CT
007efdaed57557a5,images/007efdaed57557a5.jpg,CD8,CT
ac31616c34cfe87a,images/ac31616c34cfe87a.jpg,PD1,IM
d712d62f47b041bc,images/d712d62f47b041bc.jpg,CD3,CT
0d8292dfbaff9db4,images/0d8292dfbaff9db4.jpg,20x,CT
13a7db0878f39160,images/13a7db0878f39160.jpg,CD45RO,CT
44e1ded0748456cf,images/44e1ded0748456cf.jpg,CD3,CT
e018a85ebae2a4b3,images/e018a85ebae2a4b3.jpg,CD3,CT
c16ba7e785b41d8d,images/c16ba7e785b41d8d.jpg,CD45RO,N
3a7f0adcd861c616,images/3a7f0adcd861c616.jpg,CD8,CT
31650da766cc882f,images/31650da766cc882f.jpg,CD3,N
0a3809441ef9429f,images/0a3809441ef9429f.jpg,T,IM
e8103d3d3e6ae239,images/e8103d3d3e6ae239.jpg,CD8,N
1645d483a36b848a,images/1645d483a36b848a.jpg,CD45RO,CT
e1c9b774fa843257,images/e1c9b774fa843257.jpg,CD8,IM
b4e088d1c345b8cc,images/b4e088d1c345b8cc.jpg,CD3,CT
913112e4b24eeb76,images/913112e4b24eeb76.jpg,20x,IM
85f72c694b0ccc99,images/85f72c694b0ccc99.jpg,LAG3,IM
fcd10b894698f8b6,images/fcd10b894698f8b6.jpg,LAG3,IM
d8036cf554764bdb,images/d8036cf554764bdb.jpg,T,IM
171488ef49b93133,images/171488ef49b93133.jpg,CD8,CT
2cbb5af9a6ca1f35,images/2cbb5af9a6ca1f35.jpg,LAG3,CT
3da8a845446c4afe,images/3da8a845446c4afe.jpg,PD1,CT
a620f06b5c02881b,images/a620f06b5c02881b.jpg,CD8,CT
04254caa986e8b1e,images/04254caa986e8b1e.jpg,T,IM
f37d4226fdb8ef97,images/f37d4226fdb8ef97.jpg,T,IM
b116b2a06648bae6,images/b116b2a06648bae6.jpg,CD45RO,IM
2c6da521ea018b00,images/2c6da521ea018b00.jpg,CD8,N
41d679dd31cdc798,images/41d679dd31cdc798.jpg,LAG3,CT
d824f70ef480b164,images/d824f70ef480b164.jpg,20x,IM
cab7871c96de5019,images/cab7871c96de5019.jpg,CD3,IM
4647f05d3dc5a232,images/4647f05d3dc5a232.jpg,CD45RO,CT
dfbe3849c19697fc,images/dfbe3849c19697fc.jpg,LAG3,CT
4ec1712ec3860dcb,images/4ec1712ec3860dcb.jpg,CD45RO,IM
fb573f7000c91335,images/fb573f7000c91335.jpg,LAG3,IM
2582c94f812150cc,images/2582c94f812150cc.jpg,LAG3,CT
2d30e1d56112ffbd,images/2d30e1d56112ffbd.jpg,20x,CT
48b0125db3d0e12a,images/48b0125db3d0e12a.jpg,LAG3,IM
bf9b1bdc45fb787f,images/bf9b1bdc45fb787f.jpg,CD45RO,CT
340bf836f44fbcc7,images/340bf836f44fbcc7.jpg,T,IM
a8ef274ef1182bf6,images/a8ef274ef1182bf6.jpg,CD8,CT
13a1b7ebd0968fd5,images/13a1b7ebd0968fd5.jpg,CD3,CT
2c608adcb7655fc5,images/2c608adcb7655fc5.jpg,LAG3,CT
efe836d1704389fe,images/efe836d1704389fe.jpg,PD1,IM
a3fcd74dc15ee20f,images/a3fcd74dc15ee20f.jpg,CD8,IM
74eb935728d973c2,images/74eb935728d973c2.jpg,LAG3,IM
97b86cc2db8ec6f9,images/97b86cc2db8ec6f9.jpg,PD1,IM
d2cf1f77065ca86d,images/d2cf1f77065ca86d.jpg,LAG3,CT
c5cad2b03a570317,images/c5cad2b03a570317.jpg,CD8,IM
da5a005f5a65daa0,images/da5a005f5a65daa0.jpg,CD45RO,IM
7169b371b4e48a52,images/7169b371b4e48a52.jpg,CD8,CT
072b0bf78fc3db32,images/072b0bf78fc3db32.jpg,CD3,CT
868b638e475f23f6,images/868b638e475f23f6.jpg,CD3,CT
0c2dfa27ddd690a3,images/0c2dfa27ddd690a3.jpg,LAG3,IM
8bd788d44b0d07c0,images/8bd788d44b0d07c0.jpg,CD3,N
b72aa3375dcaaeb2,images/b72aa3375dcaaeb2.jpg,T,IM
1c55ee7e619ba796,images/1c55ee7e619ba796.jpg,CD45RO,CT
e04a5da0f26f8eef,images/e04a5da0f26f8eef.jpg,PD1,CT
568874ac2409dd18,images/568874ac2409dd18.jpg,CD3,CT
809b48aa3584ecf2,images/809b48aa3584ecf2.jpg,T,IM
1341d119bd3ef59d,images/1341d119bd3ef59d.jpg,CD8,CT
c5e3d77e4037a709,images/c5e3d77e4037a709.jpg,CD45RO,IM
6f3f92ccd31013d6,images/6f3f92ccd31013d6.jpg,T,IM
7e1686755a5c08e0,images/7e1686755a5c08e0.jpg,CD45RO,IM
7c4acae3e23106c8,images/7c4acae3e23106c8.jpg,CD45RO,CT
58d8d7bc62edffbb,images/58d8d7bc62edffbb.jpg,CD8,IM
455079be485d34ec,images/455079be485d34ec.jpg,CD3,IM
85d62fc2c4913d2c,images/85d62fc2c4913d2c.jpg,20x,CT
1d02e833e54ecc20,images/1d02e833e54ecc20.jpg,CD8,CT
49eecacc6501fcaa,images/49eecacc6501fcaa.jpg,PD1,CT
4ef3f4f65620d3d1,images/4ef3f4f65620d3d1.jpg,20x,CT
c075247ed7ab96dc,images/c075247ed7ab96dc.jpg,20x,CT
45b30a5408227fb1,images/45b30a5408227fb1.jpg,20x,IM
5c61e480936c4d95,images/5c61e480936c4d95.jpg,PD1,CT
aa9fd528ad54c62a,images/aa9fd528ad54c62a.jpg,CD45RO,IM
74fc33dd9eed3062,images/74fc33dd9eed3062.jpg,CD8,N
54fc7295496ef74a,images/54fc7295496ef74a.jpg,CD8,CT
922efe6a54339caf,images/922efe6a54339caf.jpg,CD8,IM
0c7885e59feb88dc,images/0c7885e59feb88dc.jpg,T,IM
cec953c3535a449b,images/cec953c3535a449b.jpg,CD3,IM
a540e4b7454f357b,images/a540e4b7454f357b.jpg,20x,IM
2ae85a9d0e70292d,images/2ae85a9d0e70292d.jpg,LAG3,CT
a7ab7e5ba0a4a46b,images/a7ab7e5ba0a4a46b.jpg,T,IM
2b9fe37f0c7cca95,images/2b9fe37f0c7cca95.jpg,20x,CT
112abe957f612918,images/112abe957f612918.jpg,CD3,IM
962615a4f610947a,images/962615a4f610947a.jpg,CD8,IM
6a4355ea4c20c39f,images/6a4355ea4c20c39f.jpg,T,IM
a0338695d0c7e881,images/a0338695d0c7e881.jpg,CD45RO,IM
a56550c090af872f,images/a56550c090af872f.jpg,LAG3,IM
06748885a342f6fe,images/06748885a342f6fe.jpg,CD3,IM
29795615fe91dd30,images/29795615fe91dd30.jpg,CD45RO,CT
1875aa799d6594e9,images/1875aa799d6594e9.jpg,CD3,N
fa8854c533613005,images/fa8854c533613005.jpg,CD8,IM
05bbd514ab8bb7db,images/05bbd514ab8bb7db.jpg,T,IM
2d48d54c38541bb1,images/2d48d54c38541bb1.jpg,CD8,N
f143d291ee0bb5c2,images/f143d291ee0bb5c2.jpg,LAG3,CT
60b3fbfe09247df0,images/60b3fbfe09247df0.jpg,CD3,IM
85a27bb0d2cad059,images/85a27bb0d2cad059.jpg,20x,IM
e95589559921b4e0,images/e95589559921b4e0.jpg,T,IM
d64085154c29cf86,images/d64085154c29cf86.jpg,LAG3,IM
0994da20fc074d37,images/0994da20fc074d37.jpg,T,IM
14990c312bea87b6,images/14990c312bea87b6.jpg,20x,IM
ec8c35d15ca172e0,images/ec8c35d15ca172e0.jpg,T,IM
1649e59e39d0a130,images/1649e59e39d0a130.jpg,20x,CT
fa58aadcae5ddb44,images/fa58aadcae5ddb44.jpg,PD1,IM
d6aee5908dfb09fa,images/d6aee5908dfb09fa.jpg,CD8,N
e32290ac9e768d2d,images/e32290ac9e768d2d.jpg,PD1,IM
1ba4c6867e5a9b68,images/1ba4c6867e5a9b68.jpg,CD8,CT
5c1284618388e3d1,images/5c1284618388e3d1.jpg,CD45RO,CT
f78d0d46070748f7,images/f78d0d46070748f7.jpg,PD1,CT
4cb008538cfa043c,images/4cb008538cfa043c.jpg,CD3,N
92028e0dcf863591,images/92028e0dcf863591.jpg,PD1,CT
403596addce8dd49,images/403596addce8dd49.jpg,CD45RO,IM
89cf76a6daa14bc1,images/89cf76a6daa14bc1.jpg,PD1,IM
c81c30071555088d,images/c81c30071555088d.jpg,LAG3,IM
b9bc194ce96d210a,images/b9bc194ce96d210a.jpg,CD45RO,IM
462b743abf0a5fc6,images/462b743abf0a5fc6.jpg,LAG3,CT
f9e0c51e8f99b4ec,images/f9e0c51e8f99b4ec.jpg,CD45RO,IM
90e496e40f9d6bc4,images/90e496e40f9d6bc4.jpg,CD45RO,CT
b63d189630b4fe68,images/b63d189630b4fe68.jpg,CD8,IM
385dcaf77222bfef,images/385dcaf77222bfef.jpg,CD8,IM
f698a429a3f3c1fb,images/f698a429a3f3c1fb.jpg,CD8,CT
9bb798634d579f31,images/9bb798634d579f31.jpg,T,IM
a973d826e35c0238,images/a973d826e35c0238.jpg,LAG3,IM
3a142c7b0f887d6a,images/3a142c7b0f887d6a.jpg,CD45RO,CT
4fb5487917474421,images/4fb5487917474421.jpg,T,IM
dff6461292163dbd,images/dff6461292163dbd.jpg,T,IM
6963a1a508487966,images/6963a1a508487966.jpg,20x,CT
d2119a72e9211b26,images/d2119a72e9211b26.jpg,LAG3,CT
34011b880471fffb,images/34011b880471fffb.jpg,CD45RO,CT
c5311760d38e6ca0,images/c5311760d38e6ca0.jpg,CD8,CT
0a622cdf46f5a41e,images/0a622cdf46f5a41e.jpg,T,IM
e8f29ef15c715415,images/e8f29ef15c715415.jpg,CD45RO,IM
2c685c2998b593f4,images/2c685c2998b593f4.jpg,LAG3,IM
b574e402dd58c173,images/b574e402dd58c173.jpg,20x,IM
a9dede9a27897023,images/a9dede9a27897023.jpg,PD1,CT
275cf767b3fc9a11,images/275cf767b3fc9a11.jpg,CD3,IM
3156faa96e8a7a04,images/3156faa96e8a7a04.jpg,20x,CT
66abb5a757f77daa,images/66abb5a757f77daa.jpg,PD1,CT
f9fdbbf97275b986,images/f9fdbbf97275b986.jpg,CD3,CT
c92c175de9195f54,images/c92c175de9195f54.jpg,CD3,CT
cce79576c429c69d,images/cce79576c429c69d.jpg,CD3,IM
be85436bb4b11462,images/be85436bb4b11462.jpg,PD1,CT
58525348bf2bcc36,images/58525348bf2bcc36.jpg,LAG3,CT
17a2e97064d49eee,images/17a2e97064d49eee.jpg,T,IM
aa1e755dcffdcf30,images/aa1e755dcffdcf30.jpg,CD45RO,N
17264429f092d605,images/17264429f092d605.jpg,T,IM
1cb8339e6719debe,images/1cb8339e6719debe.jpg,CD3,CT
f75dc4c2309d61a1,images/f75dc4c2309d61a1.jpg,20x,CT
46a5e1ac90c8ed40,images/46a5e1ac90c8ed40.jpg,CD3,CT
a8a66c227f6afe06,images/a8a66c227f6afe06.jpg,T,IM
cc87328fedbc016b,images/cc87328fedbc016b.jpg,20x,IM
d965c6e67003403a,images/d965c6e67003403a.jpg,CD3,CT
a80e54398ba055d5,images/a80e54398ba055d5.jpg,CD3,IM
8eec2ca0f523214c,images/8eec2ca0f523214c.jpg,T,IM
5c666780611f30b9,images/5c666780611f30b9.jpg,CD8,IM
0bdfd1d4cb2b0092,images/0bdfd1d4cb2b0092.jpg,LAG3,IM
742898b432ba892d,images/742898b432ba892d.jpg,LAG3,CT
4b503490e4828e01,images/4b503490e4828e01.jpg,CD8,IM
444f86af870d23b6,images/444f86af870d23b6.jpg,T,IM
d56dee7b8d738c32,images/d56dee7b8d738c32.jpg,CD3,IM
f40c5259776282cb,images/f40c5259776282cb.jpg,LAG3,IM
82f09da04864046f,images/82f09da04864046f.jpg,CD45RO,N
bede154b4a1f280e,images/bede154b4a1f280e.jpg,CD3,IM
885a1a1466958989,images/885a1a1466958989.jpg,LAG3,IM
82bf04d56a4c2258,images/82bf04d56a4c2258.jpg,CD45RO,IM
3fd653d354552443,images/3fd653d354552443.jpg,CD3,CT
4178e9e6a3cd61ae,images/4178e9e6a3cd61ae.jpg,20x,IM
083f1138c41f3a50,images/083f1138c41f3a50.jpg,CD8,CT
162e018952169d58,images/162e018952169d58.jpg,T,IM
f3017074996888c1,images/f3017074996888c1.jpg,CD3,IM
99856ef4e759085e,images/99856ef4e759085e.jpg,CD3,CT
5cf96191d7d54199,images/5cf96191d7d54199.jpg,PD1,IM
28e797fc187c421e,images/28e797fc187c421e.jpg,LAG3,CT
31593f6d65865a44,images/31593f6d65865a44.jpg,CD45RO,CT
72b239e63cd9a389,images/72b239e63cd9a389.jpg,CD3,CT
40124167bebf464a,images/40124167bebf464a.jpg,T,IM
1d8cdeb29c235024,images/1d8cdeb29c235024.jpg,CD8,CT
f895f359af0028dc,images/f895f359af0028dc.jpg,LAG3,IM
344084bc8d985252,images/344084bc8d985252.jpg,CD3,CT
5d560111b158397a,images/5d560111b158397a.jpg,LAG3,IM
591a1c20e6a91109,images/591a1c20e6a91109.jpg,T,IM
409444fb2b7462b9,images/409444fb2b7462b9.jpg,CD3,CT
1c540d459c492fe1,images/1c540d459c492fe1.jpg,20x,CT
54f0d065f8dabf83,images/54f0d065f8dabf83.jpg,T,IM
7d2ee86dae0bf62c,images/7d2ee86dae0bf62c.jpg,T,IM
36c82383f5cfe844,images/36c82383f5cfe844.jpg,CD45RO,CT
9ccd761b3d263af2,images/9ccd761b3d263af2.jpg,PD1,CT
dbb2e1717c1d51a1,images/dbb2e1717c1d51a1.jpg,CD45RO,N
a6abe4cc34dbd9f4,images/a6abe4cc34dbd9f4.jpg,T,IM
95e78f26ba92759f,images/95e78f26ba92759f.jpg,CD8,CT
a5c85a25564003fd,images/a5c85a25564003fd.jpg,CD8,IM
7a55defb5dc54b33,images/7a55defb5dc54b33.jpg,CD8,CT
b26c2f83455c6cea,images/b26c2f83455c6cea.jpg,T,IM
7fe28ef9922beb20,images/7fe28ef9922beb20.jpg,PD1,IM
8a23928747e35ee0,images/8a23928747e35ee0.jpg,CD8,IM
8c60e4551c31fae9,images/8c60e4551c31fae9.jpg,PD1,IM
5b693a4d5018c3d1,images/5b693a4d5018c3d1.jpg,T,IM
9d4a26e4a6ea0cc3,images/9d4a26e4a6ea0cc3.jpg,CD45RO,IM
d63b4873c62cd159,images/d63b4873c62cd159.jpg,CD45RO,IM
ba3bcfe5e650e34b,images/ba3bcfe5e650e34b.jpg,CD3,CT
17b89b9120c641f4,images/17b89b9120c641f4.jpg,T,IM
9651645e9cd87a07,images/9651645e9cd87a07.jpg,CD8,CT
5e14befb53845709,images/5e14befb53845709.jpg,20x,IM
7bf388d4c69eaee1,images/7bf388d4c69eaee1.jpg,T,IM
89f678d7c61eb4b0,images/89f678d7c61eb4b0.jpg,CD3,IM
81caf40add7f3790,images/81caf40add7f3790.jpg,PD1,IM
4bf569cf14d709e0,images/4bf569cf14d709e0.jpg,CD8,IM
19c3cfd887a79d78,images/19c3cfd887a79d78.jpg,CD8,CT
e0d02fbd0a70cbc7,images/e0d02fbd0a70cbc7.jpg,20x,IM
64757ed8c192242c,images/64757ed8c192242c.jpg,CD45RO,CT
53ad766461547c29,images/53ad766461547c29.jpg,CD45RO,N
222d4f2d043cdceb,images/222d4f2d043cdceb.jpg,CD3,IM
a7a263e7f66e85c6,images/a7a263e7f66e85c6.jpg,CD8,CT
fa33899641e3edd4,images/fa33899641e3edd4.jpg,LAG3,IM
8ee3f4938756df64,images/8ee3f4938756df64.jpg,CD8,N
e4057c58fb568c8c,images/e4057c58fb568c8c.jpg,CD3,CT
914a391696dd4ae3,images/914a391696dd4ae3.jpg,T,IM
6bc7f737c6f7140a,images/6bc7f737c6f7140a.jpg,CD3,CT
0c9f1eb707790424,images/0c9f1eb707790424.jpg,CD3,IM
e57ba4aa6e50f739,images/e57ba4aa6e50f739.jpg,CD45RO,IM
f3084cc6cf31a99a,images/f3084cc6cf31a99a.jpg,20x,IM
e103850f79804c0a,images/e103850f79804c0a.jpg,LAG3,CT
785579b0b0d56053,images/785579b0b0d56053.jpg,20x,IM
67ed4f1312867879,images/67ed4f1312867879.jpg,CD8,IM
2de15362255176b4,images/2de15362255176b4.jpg,PD1,IM
fea163d2e7336c87,images/fea163d2e7336c87.jpg,CD45RO,N
bd68178eb871fd6f,images/bd68178eb871fd6f.jpg,T,IM
592613f6da0dd850,images/592613f6da0dd850.jpg,CD8,IM
0449438ab2e5ceab,images/0449438ab2e5ceab.jpg,T,IM
ebd03ecae6fd310e,images/ebd03ecae6fd310e.jpg,T,IM
de03a9fe88485f9b,images/de03a9fe88485f9b.jpg,CD8,IM
5041d16b30becb50,images/5041d16b30becb50.jpg,PD1,CT
b32e5ae62bc17ab8,images/b32e5ae62bc17ab8.jpg,CD8,N
6fbf339f75715358,images/6fbf339f75715358.jpg,CD3,CT
b122f5ae690fa032,images/b122f5ae690fa032.jpg,LAG3,CT
cd272b24582c59a1,images/cd272b24582c59a1.jpg,20x,IM
bf0e8d8087ead6d7,images/bf0e8d8087ead6d7.jpg,CD8,CT
f877173e96b2b2ab,images/f877173e96b2b2ab.jpg,20x,IM
a263f7b2019db2d3,images/a263f7b2019db2d3.jpg,LAG3,IM
738b8a20ec397acf,images/738b8a20ec397acf.jpg,CD45RO,IM
802a1a4140e33dd5,images/802a1a4140e33dd5.jpg,CD8,IM
c0d08542d4e8a2f4,images/c0d08542d4e8a2f4.jpg,LAG3,IM
2e87e3825e20c15e,images/2e87e3825e20c15e.jpg,CD3,IM
61f24336ce824073,images/61f24336ce824073.jpg,CD3,IM
957faaf9d804ce03,images/957faaf9d804ce03.jpg,T,IM
b0cd6432cec02123,images/b0cd6432cec02123.jpg,T,IM
744d4e346e894b78,images/744d4e346e894b78.jpg,LAG3,CT
cc853eb2f1065d4d,images/cc853eb2f1065d4d.jpg,CD45RO,IM
316b349496b8ff79,images/316b349496b8ff79.jpg,CD8,CT
7e77d87b26a37779,images/7e77d87b26a37779.jpg,LAG3,IM
7222dd475dfb9ed8,images/7222dd475dfb9ed8.jpg,CD8,N
e3c54462bc8daf8c,images/e3c54462bc8daf8c.jpg,CD3,CT
f7edb73238d1a213,images/f7edb73238d1a213.jpg,CD3,IM
952481722a92d58f,images/952481722a92d58f.jpg,LAG3,IM
0cf9a26f4a4d97d6,images/0cf9a26f4a4d97d6.jpg,20x,IM
cef96c648b36d3d7,images/cef96c648b36d3d7.jpg,T,IM
57d2fde813a268ce,images/57d2fde813a268ce.jpg,CD3,CT
fd3161902a8c3630,images/fd3161902a8c3630.jpg,CD45RO,IM
7853680dc3b28101,images/7853680dc3b28101.jpg,PD1,IM
d058d694501461ef,images/d058d694501461ef.jpg,CD8,IM
61d47192cb8b5e54,images/61d47192cb8b5e54.jpg,CD8,IM
668991d74d5f4f64,images/668991d74d5f4f64.jpg,CD8,CT
156981f7d3af1f56,images/156981f7d3af1f56.jpg,LAG3,CT
926572affabb9eee,images/926572affabb9eee.jpg,CD3,IM
81aa3f3467588400,images/81aa3f3467588400.jpg,CD45RO,IM
ea4d9fad0593d009,images/ea4d9fad0593d009.jpg,CD8,IM
c677d45afc97b9e1,images/c677d45afc97b9e1.jpg,CD8,IM
1c39476370665248,images/1c39476370665248.jpg,PD1,IM
426684a89b4c0dd4,images/426684a89b4c0dd4.jpg,CD45RO,IM
5d8a8d6072a63022,images/5d8a8d6072a63022.jpg,T,IM
8dffdb085b38751a,images/8dffdb085b38751a.jpg,CD8,CT
33c97663184fd90f,images/33c97663184fd90f.jpg,CD3,N
88a29280701a5703,images/88a29280701a5703.jpg,CD3,N
91136a1ea2609386,images/91136a1ea2609386.jpg,CD3,CT
96bb6fbfee0ed5c2,images/96bb6fbfee0ed5c2.jpg,CD8,N
94297e0e406d1e36,images/94297e0e406d1e36.jpg,CD8,CT
a8235d62d42f8cc2,images/a8235d62d42f8cc2.jpg,CD45RO,IM
5882ff5a3ef7f4e9,images/5882ff5a3ef7f4e9.jpg,CD3,CT
16bc9f4aae7ead89,images/16bc9f4aae7ead89.jpg,T,IM
8f3246e6e42695e9,images/8f3246e6e42695e9.jpg,PD1,CT
59c99e050e7e30be,images/59c99e050e7e30be.jpg,T,IM
8683ce16ddb94787,images/8683ce16ddb94787.jpg,PD1,IM
3062c80cd8e6869f,images/3062c80cd8e6869f.jpg,CD45RO,IM
a2117e9c46cc1da4,images/a2117e9c46cc1da4.jpg,CD45RO,IM
e7a5e49026149539,images/e7a5e49026149539.jpg,CD45RO,N
828e99000efbc1ef,images/828e99000efbc1ef.jpg,LAG3,IM
f19ea874c3afa0a4,images/f19ea874c3afa0a4.jpg,CD3,N
994ec00ce9176acf,images/994ec00ce9176acf.jpg,T,IM
cd787e4abdef8f53,images/cd787e4abdef8f53.jpg,CD8,N
a5fef7fcb002b428,images/a5fef7fcb002b428.jpg,T,IM
5abe5606d1be8cbe,images/5abe5606d1be8cbe.jpg,20x,IM
756010e3ccdd8312,images/756010e3ccdd8312.jpg,LAG3,IM
664360df2dc5e737,images/664360df2dc5e737.jpg,LAG3,IM
525d9b62fc16d141,images/525d9b62fc16d141.jpg,CD8,CT
81026c99323f80ef,images/81026c99323f80ef.jpg,CD45RO,CT
1794229c958d3f05,images/1794229c958d3f05.jpg,LAG3,IM
a5c12ccea00c5007,images/a5c12ccea00c5007.jpg,T,IM
141f84b96159e99f,images/141f84b96159e99f.jpg,CD45RO,IM
27a051e5f9ebc804,images/27a051e5f9ebc804.jpg,20x,CT
cfaa1db1a7f81096,images/cfaa1db1a7f81096.jpg,T,IM
79334dfe60b7c85a,images/79334dfe60b7c85a.jpg,T,IM
fb3c13524a8763ce,images/fb3c13524a8763ce.jpg,LAG3,IM
87507b77a321b069,images/87507b77a321b069.jpg,CD8,IM
111ef46291bbd4f6,images/111ef46291bbd4f6.jpg,LAG3,CT
ad58698f9d9819ec,images/ad58698f9d9819ec.jpg,PD1,CT
592aedbd540adc13,images/592aedbd540adc13.jpg,CD3,CT
b8a19e4776a12c3b,images/b8a19e4776a12c3b.jpg,LAG3,CT
1f66924547703188,images/1f66924547703188.jpg,20x,IM
220167c6e7854e51,images/220167c6e7854e51.jpg,20x,CT
2e1a19023e81546e,images/2e1a19023e81546e.jpg,CD3,N
349d4944b7caf562,images/349d4944b7caf562.jpg,CD45RO,CT
7ccb66ee8ed223ed,images/7ccb66ee8ed223ed.jpg,LAG3,CT
248d496b1f1f138e,images/248d496b1f1f138e.jpg,LAG3,IM
92c1c7171117cc5c,images/92c1c7171117cc5c.jpg,LAG3,IM
6aca62bf3df6a996,images/6aca62bf3df6a996.jpg,20x,IM
d3593b326b6d101a,images/d3593b326b6d101a.jpg,PD1,IM
a5ed746a0bf8148f,images/a5ed746a0bf8148f.jpg,CD45RO,CT
e6b054af7b198583,images/e6b054af7b198583.jpg,T,IM
c986464a655ab954,images/c986464a655ab954.jpg,PD1,IM
63cb5e603eca25e6,images/63cb5e603eca25e6.jpg,20x,CT
0618079b634cd7ab,images/0618079b634cd7ab.jpg,T,IM
ab0c77b7a9d00433,images/ab0c77b7a9d00433.jpg,CD45RO,CT
55f5141502f54681,images/55f5141502f54681.jpg,T,IM
8c3d4cd7c5cf11c5,images/8c3d4cd7c5cf11c5.jpg,CD3,IM
c1d3210579079c91,images/c1d3210579079c91.jpg,T,IM
3ee7347445cb60ce,images/3ee7347445cb60ce.jpg,CD3,CT
e210f5dcc1a05fd3,images/e210f5dcc1a05fd3.jpg,PD1,IM
9c89ae3d189369bd,images/9c89ae3d189369bd.jpg,PD1,IM
08f95ad9da93dd19,images/08f95ad9da93dd19.jpg,PD1,IM
2ee20aae2f0f3b28,images/2ee20aae2f0f3b28.jpg,CD3,IM
932031ca4a0ff992,images/932031ca4a0ff992.jpg,20x,IM
4162c67368a72af6,images/4162c67368a72af6.jpg,LAG3,CT
59f2f2e14b4ed442,images/59f2f2e14b4ed442.jpg,LAG3,IM
4ef54b391c624f0d,images/4ef54b391c624f0d.jpg,T,IM
7a28ff3998cf57e4,images/7a28ff3998cf57e4.jpg,T,IM
8b98a63b4d771df3,images/8b98a63b4d771df3.jpg,CD8,IM
c06d57eb69e912ea,images/c06d57eb69e912ea.jpg,CD3,N
d440d2360b94ee14,images/d440d2360b94ee14.jpg,PD1,IM
abcd06944558b642,images/abcd06944558b642.jpg,PD1,IM
6f7843a60129be00,images/6f7843a60129be00.jpg,PD1,CT
c129f738c030c26b,images/c129f738c030c26b.jpg,CD45RO,CT
50e6f031d67228ba,images/50e6f031d67228ba.jpg,LAG3,CT
17f256c8756109cc,images/17f256c8756109cc.jpg,LAG3,CT
4621f62f83d250d6,images/4621f62f83d250d6.jpg,LAG3,IM
13654108feb55856,images/13654108feb55856.jpg,LAG3,CT
61e2b5cd388f7fde,images/61e2b5cd388f7fde.jpg,CD8,IM
822838446b932b70,images/822838446b932b70.jpg,PD1,IM
eabed5e240604417,images/eabed5e240604417.jpg,LAG3,CT
72117e76f4826a69,images/72117e76f4826a69.jpg,LAG3,CT
c19560cf1e82c268,images/c19560cf1e82c268.jpg,20x,CT
7203dfa7551b7d01,images/7203dfa7551b7d01.jpg,T,IM
2fcfcedaa3a60016,images/2fcfcedaa3a60016.jpg,T,IM
9a30e5ae7423c234,images/9a30e5ae7423c234.jpg,20x,IM
db3a2725a42a5ed4,images/db3a2725a42a5ed4.jpg,CD8,IM
0afcad0b8b4e1748,images/0afcad0b8b4e1748.jpg,CD8,CT
d16d76583943eb22,images/d16d76583943eb22.jpg,T,IM
4eb58738cbdee390,images/4eb58738cbdee390.jpg,PD1,CT
5a1d6dca5d49aa78,images/5a1d6dca5d49aa78.jpg,CD3,CT
9230cb609df36383,images/9230cb609df36383.jpg,CD3,IM
f2240538a901cb00,images/f2240538a901cb00.jpg,PD1,IM
5fdf4534fa9d2042,images/5fdf4534fa9d2042.jpg,CD45RO,CT
10cb34732b177a03,images/10cb34732b177a03.jpg,LAG3,CT
f464aed6447601d6,images/f464aed6447601d6.jpg,20x,IM
85778e9030b6ee84,images/85778e9030b6ee84.jpg,20x,CT
d0b8f1df217f8e96,images/d0b8f1df217f8e96.jpg,T,IM
dbba01c29cd42bd8,images/dbba01c29cd42bd8.jpg,CD45RO,IM
0b7c672a82fc5f28,images/0b7c672a82fc5f28.jpg,CD45RO,N
6f048962fb47c2c4,images/6f048962fb47c2c4.jpg,CD8,CT
d1fd5c9683cdaf3d,images/d1fd5c9683cdaf3d.jpg,T,IM
e4dda720b77c36bb,images/e4dda720b77c36bb.jpg,20x,IM
a6f15ccfac9ea254,images/a6f15ccfac9ea254.jpg,20x,CT
869c86d79e6ba8c1,images/869c86d79e6ba8c1.jpg,CD45RO,CT
7f8e7a57dab5f6ef,images/7f8e7a57dab5f6ef.jpg,LAG3,CT
5f34ecd82e4a4ea9,images/5f34ecd82e4a4ea9.jpg,20x,CT
46d57ec9e163547f,images/46d57ec9e163547f.jpg,20x,IM
0818034459d6f1b0,images/0818034459d6f1b0.jpg,CD8,CT
27240990882b8fce,images/27240990882b8fce.jpg,20x,CT
f8ef7daedf15ed50,images/f8ef7daedf15ed50.jpg,PD1,IM
73e2f39e881bc0d1,images/73e2f39e881bc0d1.jpg,20x,CT
247b9486183b8b6a,images/247b9486183b8b6a.jpg,T,IM
03cb2c79967c189f,images/03cb2c79967c189f.jpg,T,IM
7bb0201409a97915,images/7bb0201409a97915.jpg,CD8,CT
704073bedc58e5b9,images/704073bedc58e5b9.jpg,LAG3,IM
36c2a2c5aa6ce1c9,images/36c2a2c5aa6ce1c9.jpg,T,IM
94252361e68937e3,images/94252361e68937e3.jpg,CD3,IM
459860ef3ce279ad,images/459860ef3ce279ad.jpg,CD3,CT
a7d5177711763923,images/a7d5177711763923.jpg,20x,IM
185557aedda37493,images/185557aedda37493.jpg,CD45RO,CT
14bcd7ee019d036a,images/14bcd7ee019d036a.jpg,T,IM
84fb144cf20e7cd3,images/84fb144cf20e7cd3.jpg,CD8,CT
ad7623109e837086,images/ad7623109e837086.jpg,CD8,CT
cea160f1dfd693b1,images/cea160f1dfd693b1.jpg,CD8,CT
a171304ae40dfd65,images/a171304ae40dfd65.jpg,20x,IM
71719828c8706fda,images/71719828c8706fda.jpg,PD1,CT
322f53a6c7891296,images/322f53a6c7891296.jpg,20x,IM
d4dac659994c64b5,images/d4dac659994c64b5.jpg,PD1,CT
c64449e529fe9b82,images/c64449e529fe9b82.jpg,T,IM
3a6e007e1a17fe96,images/3a6e007e1a17fe96.jpg,CD45RO,IM
b175d8381aeff282,images/b175d8381aeff282.jpg,LAG3,CT
dc28bc8d76c91fab,images/dc28bc8d76c91fab.jpg,CD8,N
ad68c13c3f8f052b,images/ad68c13c3f8f052b.jpg,LAG3,CT
217c124f56734b8a,images/217c124f56734b8a.jpg,PD1,CT
e9c8886646bccb40,images/e9c8886646bccb40.jpg,LAG3,CT
8508c664978ba49d,images/8508c664978ba49d.jpg,LAG3,CT
4a9093fb8f1a4ff2,images/4a9093fb8f1a4ff2.jpg,CD3,IM
b0c2000c848833cd,images/b0c2000c848833cd.jpg,CD8,CT
a742642916ce8bac,images/a742642916ce8bac.jpg,CD3,IM
6654141b0e35fab5,images/6654141b0e35fab5.jpg,CD8,IM
f750387a865dd0ed,images/f750387a865dd0ed.jpg,LAG3,IM
963ff56c9d522178,images/963ff56c9d522178.jpg,CD45RO,CT
796fdf01f379a0ed,images/796fdf01f379a0ed.jpg,20x,CT
c58f958007d130e8,images/c58f958007d130e8.jpg,CD8,CT
017e157f914bcdc7,images/017e157f914bcdc7.jpg,CD45RO,N
62cbfca231bc0122,images/62cbfca231bc0122.jpg,PD1,CT
d6ee842350a808d3,images/d6ee842350a808d3.jpg,CD3,CT
d609366ecfc71610,images/d609366ecfc71610.jpg,CD45RO,CT
31678e7f11ae3ef1,images/31678e7f11ae3ef1.jpg,CD3,CT
94e9893b9b0c5fd1,images/94e9893b9b0c5fd1.jpg,CD8,IM
7643b474d7ca363a,images/7643b474d7ca363a.jpg,LAG3,IM
ba86d11f289bd261,images/ba86d11f289bd261.jpg,CD8,IM
f959b95da8c8fa1b,images/f959b95da8c8fa1b.jpg,20x,CT
03c89c1932d3b03a,images/03c89c1932d3b03a.jpg,T,IM
518b70bb0fad11ef,images/518b70bb0fad11ef.jpg,T,IM
6c31416bb24de2ae,images/6c31416bb24de2ae.jpg,CD3,IM
194797381ce76005,images/194797381ce76005.jpg,T,IM
aec909df1d5557e0,images/aec909df1d5557e0.jpg,CD8,N
d5fd995344915799,images/d5fd995344915799.jpg,20x,CT
856e721ccf3954b3,images/856e721ccf3954b3.jpg,LAG3,IM
0c0a5534fc5cf484,images/0c0a5534fc5cf484.jpg,LAG3,IM
54239a333fe8d5a0,images/54239a333fe8d5a0.jpg,LAG3,CT
69a278a6069916ae,images/69a278a6069916ae.jpg,CD45RO,CT
81a8a387e7134867,images/81a8a387e7134867.jpg,T,IM
23abee6d49f1cb1c,images/23abee6d49f1cb1c.jpg,20x,CT
b928ea6784b2939f,images/b928ea6784b2939f.jpg,PD1,CT
9afe54bad880f170,images/9afe54bad880f170.jpg,20x,IM
c088c9040146dcf3,images/c088c9040146dcf3.jpg,CD45RO,IM
